{
  "name": "GM0281",
  "code": "GM0281",
  "proto_name": "GM0281",
  "last_generated": "1711723778",
  "difference": {
    "sewer__average": {
      "new_date_unix": 1710720000,
      "old_date_unix": 1710115200,
      "old_value": 82,
      "difference": -61
    }
  },
  "sewer": {
    "values": [
      {
        "date_start_unix": 1607299200,
        "date_end_unix": 1607817600,
        "average": 112,
        "data_is_outdated": true,
        "date_of_insertion_unix": 1711544758
      },
      {
        "date_start_unix": 1687132800,
        "date_end_unix": 1687651200,
        "average": 32,
        "data_is_outdated": true,
        "date_of_insertion_unix": 1711544758
      },
      {
        "date_start_unix": 1603670400,
        "date_end_unix": 1604188800,
        "average": 910,
        "data_is_outdated": true,
        "date_of_insertion_unix": 1711544758
      },
      {
        "date_start_unix": 1665360000,
        "date_end_unix": 1665878400,
        "average": 1421,
        "data_is_outdated": true,
        "date_of_insertion_unix": 1711544758
      },
      {
        "date_start_unix": 1687737600,
        "date_end_unix": 1688256000,
        "average": 25,
        "data_is_outdated": true,
        "date_of_insertion_unix": 1711544758
      },
      {
        "date_start_unix": 1647820800,
        "date_end_unix": 1648339200,
        "average": 1047,
        "data_is_outdated": true,
        "date_of_insertion_unix": 1711544758
      },
      {
        "date_start_unix": 1647216000,
        "date_end_unix": 1647734400,
        "average": 1660,
        "data_is_outdated": true,
        "date_of_insertion_unix": 1711544758
      },
      {
        "date_start_unix": 1623024000,
        "date_end_unix": 1623542400,
        "average": 125,
        "data_is_outdated": true,
        "date_of_insertion_unix": 1711544758
      },
      {
        "date_start_unix": 1710720000,
        "date_end_unix": 1711238400,
        "average": 21,
        "data_is_outdated": false,
        "date_of_insertion_unix": 1711544758
      },
      {
        "date_start_unix": 1639353600,
        "date_end_unix": 1639872000,
        "average": 785,
        "data_is_outdated": true,
        "date_of_insertion_unix": 1711544758
      },
      {
        "date_start_unix": 1664755200,
        "date_end_unix": 1665273600,
        "average": 2306,
        "data_is_outdated": true,
        "date_of_insertion_unix": 1711544758
      },
      {
        "date_start_unix": 1694390400,
        "date_end_unix": 1694908800,
        "average": 454,
        "data_is_outdated": true,
        "date_of_insertion_unix": 1711544758
      },
      {
        "date_start_unix": 1689552000,
        "date_end_unix": 1690070400,
        "average": 15,
        "data_is_outdated": true,
        "date_of_insertion_unix": 1711544758
      },
      {
        "date_start_unix": 1626048000,
        "date_end_unix": 1626566400,
        "average": 583,
        "data_is_outdated": true,
        "date_of_insertion_unix": 1711544758
      },
      {
        "date_start_unix": 1646611200,
        "date_end_unix": 1647129600,
        "average": 1583,
        "data_is_outdated": true,
        "date_of_insertion_unix": 1711544758
      },
      {
        "date_start_unix": 1633305600,
        "date_end_unix": 1633824000,
        "average": 280,
        "data_is_outdated": true,
        "date_of_insertion_unix": 1711544758
      },
      {
        "date_start_unix": 1616976000,
        "date_end_unix": 1617494400,
        "average": 143,
        "data_is_outdated": true,
        "date_of_insertion_unix": 1711544758
      },
      {
        "date_start_unix": 1604880000,
        "date_end_unix": 1605398400,
        "average": 494,
        "data_is_outdated": true,
        "date_of_insertion_unix": 1711544758
      },
      {
        "date_start_unix": 1693785600,
        "date_end_unix": 1694304000,
        "average": 428,
        "data_is_outdated": true,
        "date_of_insertion_unix": 1711544758
      },
      {
        "date_start_unix": 1630281600,
        "date_end_unix": 1630800000,
        "average": 141,
        "data_is_outdated": true,
        "date_of_insertion_unix": 1711544758
      },
      {
        "date_start_unix": 1656892800,
        "date_end_unix": 1657411200,
        "average": 1053,
        "data_is_outdated": true,
        "date_of_insertion_unix": 1711544758
      },
      {
        "date_start_unix": 1675641600,
        "date_end_unix": 1676160000,
        "average": 468,
        "data_is_outdated": true,
        "date_of_insertion_unix": 1711544758
      },
      {
        "date_start_unix": 1615161600,
        "date_end_unix": 1615680000,
        "average": 311,
        "data_is_outdated": true,
        "date_of_insertion_unix": 1711544758
      },
      {
        "date_start_unix": 1679270400,
        "date_end_unix": 1679788800,
        "average": 2473,
        "data_is_outdated": true,
        "date_of_insertion_unix": 1711544758
      },
      {
        "date_start_unix": 1682899200,
        "date_end_unix": 1683417600,
        "average": 699,
        "data_is_outdated": true,
        "date_of_insertion_unix": 1711544758
      },
      {
        "date_start_unix": 1632700800,
        "date_end_unix": 1633219200,
        "average": 129,
        "data_is_outdated": true,
        "date_of_insertion_unix": 1711544758
      },
      {
        "date_start_unix": 1606089600,
        "date_end_unix": 1606608000,
        "average": 71,
        "data_is_outdated": true,
        "date_of_insertion_unix": 1711544758
      },
      {
        "date_start_unix": 1686528000,
        "date_end_unix": 1687046400,
        "average": 91,
        "data_is_outdated": true,
        "date_of_insertion_unix": 1711544758
      },
      {
        "date_start_unix": 1699833600,
        "date_end_unix": 1700352000,
        "average": 796,
        "data_is_outdated": true,
        "date_of_insertion_unix": 1711544758
      },
      {
        "date_start_unix": 1617580800,
        "date_end_unix": 1618099200,
        "average": 276,
        "data_is_outdated": true,
        "date_of_insertion_unix": 1711544758
      },
      {
        "date_start_unix": 1657497600,
        "date_end_unix": 1658016000,
        "average": 1238,
        "data_is_outdated": true,
        "date_of_insertion_unix": 1711544758
      },
      {
        "date_start_unix": 1665964800,
        "date_end_unix": 1666483200,
        "average": 1013,
        "data_is_outdated": true,
        "date_of_insertion_unix": 1711544758
      },
      {
        "date_start_unix": 1653868800,
        "date_end_unix": 1654387200,
        "average": 269,
        "data_is_outdated": true,
        "date_of_insertion_unix": 1711544758
      },
      {
        "date_start_unix": 1600646400,
        "date_end_unix": 1601164800,
        "average": 68,
        "data_is_outdated": true,
        "date_of_insertion_unix": 1711544758
      },
      {
        "date_start_unix": 1650844800,
        "date_end_unix": 1651363200,
        "average": 241,
        "data_is_outdated": true,
        "date_of_insertion_unix": 1711544758
      },
      {
        "date_start_unix": 1612137600,
        "date_end_unix": 1612656000,
        "average": 244,
        "data_is_outdated": true,
        "date_of_insertion_unix": 1711544758
      },
      {
        "date_start_unix": 1675036800,
        "date_end_unix": 1675555200,
        "average": 327,
        "data_is_outdated": true,
        "date_of_insertion_unix": 1711544758
      },
      {
        "date_start_unix": 1662336000,
        "date_end_unix": 1662854400,
        "average": 658,
        "data_is_outdated": true,
        "date_of_insertion_unix": 1711544758
      },
      {
        "date_start_unix": 1701648000,
        "date_end_unix": 1702166400,
        "average": 3188,
        "data_is_outdated": true,
        "date_of_insertion_unix": 1711544758
      },
      {
        "date_start_unix": 1641772800,
        "date_end_unix": 1642291200,
        "average": 499,
        "data_is_outdated": true,
        "date_of_insertion_unix": 1711544758
      },
      {
        "date_start_unix": 1672012800,
        "date_end_unix": 1672531200,
        "average": 1908,
        "data_is_outdated": true,
        "date_of_insertion_unix": 1711544758
      },
      {
        "date_start_unix": 1609113600,
        "date_end_unix": 1609632000,
        "average": 87,
        "data_is_outdated": true,
        "date_of_insertion_unix": 1711544758
      },
      {
        "date_start_unix": 1644192000,
        "date_end_unix": 1644710400,
        "average": 986,
        "data_is_outdated": true,
        "date_of_insertion_unix": 1711544758
      },
      {
        "date_start_unix": 1632096000,
        "date_end_unix": 1632614400,
        "average": 34,
        "data_is_outdated": true,
        "date_of_insertion_unix": 1711544758
      },
      {
        "date_start_unix": 1685318400,
        "date_end_unix": 1685836800,
        "average": 59,
        "data_is_outdated": true,
        "date_of_insertion_unix": 1711544758
      },
      {
        "date_start_unix": 1672617600,
        "date_end_unix": 1673136000,
        "average": 1307,
        "data_is_outdated": true,
        "date_of_insertion_unix": 1711544758
      },
      {
        "date_start_unix": 1644796800,
        "date_end_unix": 1645315200,
        "average": 1038,
        "data_is_outdated": true,
        "date_of_insertion_unix": 1711544758
      },
      {
        "date_start_unix": 1623628800,
        "date_end_unix": 1624147200,
        "average": 54,
        "data_is_outdated": true,
        "date_of_insertion_unix": 1711544758
      },
      {
        "date_start_unix": 1688342400,
        "date_end_unix": 1688860800,
        "average": 48,
        "data_is_outdated": true,
        "date_of_insertion_unix": 1711544758
      },
      {
        "date_start_unix": 1667174400,
        "date_end_unix": 1667692800,
        "average": 960,
        "data_is_outdated": true,
        "date_of_insertion_unix": 1711544758
      },
      {
        "date_start_unix": 1640563200,
        "date_end_unix": 1641081600,
        "average": 659,
        "data_is_outdated": true,
        "date_of_insertion_unix": 1711544758
      },
      {
        "date_start_unix": 1703462400,
        "date_end_unix": 1703980800,
        "average": 1705,
        "data_is_outdated": true,
        "date_of_insertion_unix": 1711544758
      },
      {
        "date_start_unix": 1654473600,
        "date_end_unix": 1654992000,
        "average": 417,
        "data_is_outdated": true,
        "date_of_insertion_unix": 1711544758
      },
      {
        "date_start_unix": 1678060800,
        "date_end_unix": 1678579200,
        "average": 1719,
        "data_is_outdated": true,
        "date_of_insertion_unix": 1711544758
      },
      {
        "date_start_unix": 1649635200,
        "date_end_unix": 1650153600,
        "average": 525,
        "data_is_outdated": true,
        "date_of_insertion_unix": 1711544758
      },
      {
        "date_start_unix": 1619395200,
        "date_end_unix": 1619913600,
        "average": 112,
        "data_is_outdated": true,
        "date_of_insertion_unix": 1711544758
      },
      {
        "date_start_unix": 1604275200,
        "date_end_unix": 1604793600,
        "average": 629,
        "data_is_outdated": true,
        "date_of_insertion_unix": 1711544758
      },
      {
        "date_start_unix": 1698624000,
        "date_end_unix": 1699142400,
        "average": 1159,
        "data_is_outdated": true,
        "date_of_insertion_unix": 1711544758
      },
      {
        "date_start_unix": 1641168000,
        "date_end_unix": 1641686400,
        "average": 350,
        "data_is_outdated": true,
        "date_of_insertion_unix": 1711544758
      },
      {
        "date_start_unix": 1701043200,
        "date_end_unix": 1701561600,
        "average": 1409,
        "data_is_outdated": true,
        "date_of_insertion_unix": 1711544758
      },
      {
        "date_start_unix": 1684713600,
        "date_end_unix": 1685232000,
        "average": 51,
        "data_is_outdated": true,
        "date_of_insertion_unix": 1711544758
      },
      {
        "date_start_unix": 1618790400,
        "date_end_unix": 1619308800,
        "average": 291,
        "data_is_outdated": true,
        "date_of_insertion_unix": 1711544758
      },
      {
        "date_start_unix": 1694995200,
        "date_end_unix": 1695513600,
        "average": 433,
        "data_is_outdated": true,
        "date_of_insertion_unix": 1711544758
      },
      {
        "date_start_unix": 1645401600,
        "date_end_unix": 1645920000,
        "average": 954,
        "data_is_outdated": true,
        "date_of_insertion_unix": 1711544758
      },
      {
        "date_start_unix": 1688947200,
        "date_end_unix": 1689465600,
        "average": 64,
        "data_is_outdated": true,
        "date_of_insertion_unix": 1711544758
      },
      {
        "date_start_unix": 1649030400,
        "date_end_unix": 1649548800,
        "average": 1239,
        "data_is_outdated": true,
        "date_of_insertion_unix": 1711544758
      },
      {
        "date_start_unix": 1606694400,
        "date_end_unix": 1607212800,
        "average": 139,
        "data_is_outdated": true,
        "date_of_insertion_unix": 1711544758
      },
      {
        "date_start_unix": 1663545600,
        "date_end_unix": 1664064000,
        "average": 638,
        "data_is_outdated": true,
        "date_of_insertion_unix": 1711544758
      },
      {
        "date_start_unix": 1634515200,
        "date_end_unix": 1635033600,
        "average": 246,
        "data_is_outdated": true,
        "date_of_insertion_unix": 1711544758
      },
      {
        "date_start_unix": 1705881600,
        "date_end_unix": 1706400000,
        "average": 220,
        "data_is_outdated": true,
        "date_of_insertion_unix": 1711544758
      },
      {
        "date_start_unix": 1684108800,
        "date_end_unix": 1684627200,
        "average": 212,
        "data_is_outdated": true,
        "date_of_insertion_unix": 1711544758
      },
      {
        "date_start_unix": 1667779200,
        "date_end_unix": 1668297600,
        "average": 452,
        "data_is_outdated": true,
        "date_of_insertion_unix": 1711544758
      },
      {
        "date_start_unix": 1627257600,
        "date_end_unix": 1627776000,
        "average": 237,
        "data_is_outdated": true,
        "date_of_insertion_unix": 1711544758
      },
      {
        "date_start_unix": 1624233600,
        "date_end_unix": 1624752000,
        "average": 23,
        "data_is_outdated": true,
        "date_of_insertion_unix": 1711544758
      },
      {
        "date_start_unix": 1677456000,
        "date_end_unix": 1677974400,
        "average": 1092,
        "data_is_outdated": true,
        "date_of_insertion_unix": 1711544758
      },
      {
        "date_start_unix": 1655078400,
        "date_end_unix": 1655596800,
        "average": 399,
        "data_is_outdated": true,
        "date_of_insertion_unix": 1711544758
      },
      {
        "date_start_unix": 1709510400,
        "date_end_unix": 1710028800,
        "average": 117,
        "data_is_outdated": true,
        "date_of_insertion_unix": 1711544758
      },
      {
        "date_start_unix": 1638144000,
        "date_end_unix": 1638662400,
        "average": 688,
        "data_is_outdated": true,
        "date_of_insertion_unix": 1711544758
      },
      {
        "date_start_unix": 1600041600,
        "date_end_unix": 1600560000,
        "average": 84,
        "data_is_outdated": true,
        "date_of_insertion_unix": 1711544758
      },
      {
        "date_start_unix": 1610928000,
        "date_end_unix": 1611446400,
        "average": 282,
        "data_is_outdated": true,
        "date_of_insertion_unix": 1711544758
      },
      {
        "date_start_unix": 1658707200,
        "date_end_unix": 1659225600,
        "average": 910,
        "data_is_outdated": true,
        "date_of_insertion_unix": 1711544758
      },
      {
        "date_start_unix": 1631491200,
        "date_end_unix": 1632009600,
        "average": 25,
        "data_is_outdated": true,
        "date_of_insertion_unix": 1711544758
      },
      {
        "date_start_unix": 1615766400,
        "date_end_unix": 1616284800,
        "average": 225,
        "data_is_outdated": true,
        "date_of_insertion_unix": 1711544758
      },
      {
        "date_start_unix": 1692576000,
        "date_end_unix": 1693094400,
        "average": 159,
        "data_is_outdated": true,
        "date_of_insertion_unix": 1711544758
      },
      {
        "date_start_unix": 1637539200,
        "date_end_unix": 1638057600,
        "average": 514,
        "data_is_outdated": true,
        "date_of_insertion_unix": 1711544758
      },
      {
        "date_start_unix": 1691971200,
        "date_end_unix": 1692489600,
        "average": 29,
        "data_is_outdated": true,
        "date_of_insertion_unix": 1711544758
      },
      {
        "date_start_unix": 1639958400,
        "date_end_unix": 1640476800,
        "average": 1056,
        "data_is_outdated": true,
        "date_of_insertion_unix": 1711544758
      },
      {
        "date_start_unix": 1678665600,
        "date_end_unix": 1679184000,
        "average": 1001,
        "data_is_outdated": true,
        "date_of_insertion_unix": 1711544758
      },
      {
        "date_start_unix": 1613347200,
        "date_end_unix": 1613865600,
        "average": 537,
        "data_is_outdated": true,
        "date_of_insertion_unix": 1711544758
      },
      {
        "date_start_unix": 1699228800,
        "date_end_unix": 1699747200,
        "average": 495,
        "data_is_outdated": true,
        "date_of_insertion_unix": 1711544758
      },
      {
        "date_start_unix": 1599436800,
        "date_end_unix": 1599955200,
        "average": 12,
        "data_is_outdated": true,
        "date_of_insertion_unix": 1711544758
      },
      {
        "date_start_unix": 1607904000,
        "date_end_unix": 1608422400,
        "average": 161,
        "data_is_outdated": true,
        "date_of_insertion_unix": 1711544758
      },
      {
        "date_start_unix": 1674432000,
        "date_end_unix": 1674950400,
        "average": 359,
        "data_is_outdated": true,
        "date_of_insertion_unix": 1711544758
      },
      {
        "date_start_unix": 1659312000,
        "date_end_unix": 1659830400,
        "average": 879,
        "data_is_outdated": true,
        "date_of_insertion_unix": 1711544758
      },
      {
        "date_start_unix": 1620000000,
        "date_end_unix": 1620518400,
        "average": 424,
        "data_is_outdated": true,
        "date_of_insertion_unix": 1711544758
      },
      {
        "date_start_unix": 1611532800,
        "date_end_unix": 1612051200,
        "average": 297,
        "data_is_outdated": true,
        "date_of_insertion_unix": 1711544758
      },
      {
        "date_start_unix": 1685923200,
        "date_end_unix": 1686441600,
        "average": 70,
        "data_is_outdated": true,
        "date_of_insertion_unix": 1711544758
      },
      {
        "date_start_unix": 1676246400,
        "date_end_unix": 1676764800,
        "average": 932,
        "data_is_outdated": true,
        "date_of_insertion_unix": 1711544758
      },
      {
        "date_start_unix": 1710115200,
        "date_end_unix": 1710633600,
        "average": 82,
        "data_is_outdated": false,
        "date_of_insertion_unix": 1711544758
      },
      {
        "date_start_unix": 1638748800,
        "date_end_unix": 1639267200,
        "average": 467,
        "data_is_outdated": true,
        "date_of_insertion_unix": 1711544758
      },
      {
        "date_start_unix": 1626652800,
        "date_end_unix": 1627171200,
        "average": 442,
        "data_is_outdated": true,
        "date_of_insertion_unix": 1711544758
      },
      {
        "date_start_unix": 1650240000,
        "date_end_unix": 1650758400,
        "average": 405,
        "data_is_outdated": true,
        "date_of_insertion_unix": 1711544758
      },
      {
        "date_start_unix": 1708905600,
        "date_end_unix": 1709424000,
        "average": 63,
        "data_is_outdated": true,
        "date_of_insertion_unix": 1711544758
      },
      {
        "date_start_unix": 1633910400,
        "date_end_unix": 1634428800,
        "average": 788,
        "data_is_outdated": true,
        "date_of_insertion_unix": 1711544758
      },
      {
        "date_start_unix": 1616371200,
        "date_end_unix": 1616889600,
        "average": 271,
        "data_is_outdated": true,
        "date_of_insertion_unix": 1711544758
      },
      {
        "date_start_unix": 1666569600,
        "date_end_unix": 1667088000,
        "average": 875,
        "data_is_outdated": true,
        "date_of_insertion_unix": 1711544758
      },
      {
        "date_start_unix": 1700438400,
        "date_end_unix": 1700956800,
        "average": 969,
        "data_is_outdated": true,
        "date_of_insertion_unix": 1711544758
      },
      {
        "date_start_unix": 1627862400,
        "date_end_unix": 1628380800,
        "average": 605,
        "data_is_outdated": true,
        "date_of_insertion_unix": 1711544758
      },
      {
        "date_start_unix": 1646006400,
        "date_end_unix": 1646524800,
        "average": 1534,
        "data_is_outdated": true,
        "date_of_insertion_unix": 1711544758
      },
      {
        "date_start_unix": 1635120000,
        "date_end_unix": 1635638400,
        "average": 507,
        "data_is_outdated": true,
        "date_of_insertion_unix": 1711544758
      },
      {
        "date_start_unix": 1630886400,
        "date_end_unix": 1631404800,
        "average": 101,
        "data_is_outdated": true,
        "date_of_insertion_unix": 1711544758
      },
      {
        "date_start_unix": 1618185600,
        "date_end_unix": 1618704000,
        "average": 211,
        "data_is_outdated": true,
        "date_of_insertion_unix": 1711544758
      },
      {
        "date_start_unix": 1624838400,
        "date_end_unix": 1625356800,
        "average": 73,
        "data_is_outdated": true,
        "date_of_insertion_unix": 1711544758
      },
      {
        "date_start_unix": 1668384000,
        "date_end_unix": 1668902400,
        "average": 517,
        "data_is_outdated": true,
        "date_of_insertion_unix": 1711544758
      },
      {
        "date_start_unix": 1658102400,
        "date_end_unix": 1658620800,
        "average": 987,
        "data_is_outdated": true,
        "date_of_insertion_unix": 1711544758
      },
      {
        "date_start_unix": 1695600000,
        "date_end_unix": 1696118400,
        "average": 314,
        "data_is_outdated": true,
        "date_of_insertion_unix": 1711544758
      },
      {
        "date_start_unix": 1698019200,
        "date_end_unix": 1698537600,
        "average": 348,
        "data_is_outdated": true,
        "date_of_insertion_unix": 1711544758
      },
      {
        "date_start_unix": 1603065600,
        "date_end_unix": 1603584000,
        "average": 774,
        "data_is_outdated": true,
        "date_of_insertion_unix": 1711544758
      },
      {
        "date_start_unix": 1655683200,
        "date_end_unix": 1656201600,
        "average": 453,
        "data_is_outdated": true,
        "date_of_insertion_unix": 1711544758
      },
      {
        "date_start_unix": 1693180800,
        "date_end_unix": 1693699200,
        "average": 47,
        "data_is_outdated": true,
        "date_of_insertion_unix": 1711544758
      },
      {
        "date_start_unix": 1683504000,
        "date_end_unix": 1684022400,
        "average": 58,
        "data_is_outdated": true,
        "date_of_insertion_unix": 1711544758
      },
      {
        "date_start_unix": 1673827200,
        "date_end_unix": 1674345600,
        "average": 127,
        "data_is_outdated": true,
        "date_of_insertion_unix": 1711544758
      },
      {
        "date_start_unix": 1704067200,
        "date_end_unix": 1704585600,
        "average": 638,
        "data_is_outdated": true,
        "date_of_insertion_unix": 1711544758
      },
      {
        "date_start_unix": 1664150400,
        "date_end_unix": 1664668800,
        "average": 779,
        "data_is_outdated": true,
        "date_of_insertion_unix": 1711544758
      },
      {
        "date_start_unix": 1676851200,
        "date_end_unix": 1677369600,
        "average": 1052,
        "data_is_outdated": true,
        "date_of_insertion_unix": 1711544758
      },
      {
        "date_start_unix": 1648425600,
        "date_end_unix": 1648944000,
        "average": 919,
        "data_is_outdated": true,
        "date_of_insertion_unix": 1711544758
      },
      {
        "date_start_unix": 1652659200,
        "date_end_unix": 1653177600,
        "average": 139,
        "data_is_outdated": true,
        "date_of_insertion_unix": 1711544758
      },
      {
        "date_start_unix": 1669593600,
        "date_end_unix": 1670112000,
        "average": 1695,
        "data_is_outdated": true,
        "date_of_insertion_unix": 1711544758
      },
      {
        "date_start_unix": 1629676800,
        "date_end_unix": 1630195200,
        "average": 234,
        "data_is_outdated": true,
        "date_of_insertion_unix": 1711544758
      },
      {
        "date_start_unix": 1680480000,
        "date_end_unix": 1680998400,
        "average": 1218,
        "data_is_outdated": true,
        "date_of_insertion_unix": 1711544758
      },
      {
        "date_start_unix": 1707091200,
        "date_end_unix": 1707609600,
        "average": 405,
        "data_is_outdated": true,
        "date_of_insertion_unix": 1711544758
      },
      {
        "date_start_unix": 1670198400,
        "date_end_unix": 1670716800,
        "average": 875,
        "data_is_outdated": true,
        "date_of_insertion_unix": 1711544758
      },
      {
        "date_start_unix": 1636934400,
        "date_end_unix": 1637452800,
        "average": 885,
        "data_is_outdated": true,
        "date_of_insertion_unix": 1711544758
      },
      {
        "date_start_unix": 1671408000,
        "date_end_unix": 1671926400,
        "average": 4699,
        "data_is_outdated": true,
        "date_of_insertion_unix": 1711544758
      },
      {
        "date_start_unix": 1697414400,
        "date_end_unix": 1697932800,
        "average": 203,
        "data_is_outdated": true,
        "date_of_insertion_unix": 1711544758
      },
      {
        "date_start_unix": 1620604800,
        "date_end_unix": 1621123200,
        "average": 555,
        "data_is_outdated": true,
        "date_of_insertion_unix": 1711544758
      },
      {
        "date_start_unix": 1679875200,
        "date_end_unix": 1680393600,
        "average": 1340,
        "data_is_outdated": true,
        "date_of_insertion_unix": 1711544758
      },
      {
        "date_start_unix": 1681084800,
        "date_end_unix": 1681603200,
        "average": 1192,
        "data_is_outdated": true,
        "date_of_insertion_unix": 1711544758
      },
      {
        "date_start_unix": 1642982400,
        "date_end_unix": 1643500800,
        "average": 1424,
        "data_is_outdated": true,
        "date_of_insertion_unix": 1711544758
      },
      {
        "date_start_unix": 1652054400,
        "date_end_unix": 1652572800,
        "average": 94,
        "data_is_outdated": true,
        "date_of_insertion_unix": 1711544758
      },
      {
        "date_start_unix": 1622419200,
        "date_end_unix": 1622937600,
        "average": 113,
        "data_is_outdated": true,
        "date_of_insertion_unix": 1711544758
      },
      {
        "date_start_unix": 1605484800,
        "date_end_unix": 1606003200,
        "average": 118,
        "data_is_outdated": true,
        "date_of_insertion_unix": 1711544758
      },
      {
        "date_start_unix": 1651449600,
        "date_end_unix": 1651968000,
        "average": 167,
        "data_is_outdated": true,
        "date_of_insertion_unix": 1711544758
      },
      {
        "date_start_unix": 1614556800,
        "date_end_unix": 1615075200,
        "average": 328,
        "data_is_outdated": true,
        "date_of_insertion_unix": 1711544758
      },
      {
        "date_start_unix": 1613952000,
        "date_end_unix": 1614470400,
        "average": 416,
        "data_is_outdated": true,
        "date_of_insertion_unix": 1711544758
      },
      {
        "date_start_unix": 1690761600,
        "date_end_unix": 1691280000,
        "average": 13,
        "data_is_outdated": true,
        "date_of_insertion_unix": 1711544758
      },
      {
        "date_start_unix": 1690156800,
        "date_end_unix": 1690675200,
        "average": 130,
        "data_is_outdated": true,
        "date_of_insertion_unix": 1711544758
      },
      {
        "date_start_unix": 1601251200,
        "date_end_unix": 1601769600,
        "average": 330,
        "data_is_outdated": true,
        "date_of_insertion_unix": 1711544758
      },
      {
        "date_start_unix": 1661731200,
        "date_end_unix": 1662249600,
        "average": 218,
        "data_is_outdated": true,
        "date_of_insertion_unix": 1711544758
      },
      {
        "date_start_unix": 1635724800,
        "date_end_unix": 1636243200,
        "average": 336,
        "data_is_outdated": true,
        "date_of_insertion_unix": 1711544758
      },
      {
        "date_start_unix": 1708300800,
        "date_end_unix": 1708819200,
        "average": 80,
        "data_is_outdated": true,
        "date_of_insertion_unix": 1711544758
      },
      {
        "date_start_unix": 1609718400,
        "date_end_unix": 1610236800,
        "average": 325,
        "data_is_outdated": true,
        "date_of_insertion_unix": 1711544758
      },
      {
        "date_start_unix": 1660521600,
        "date_end_unix": 1661040000,
        "average": 355,
        "data_is_outdated": true,
        "date_of_insertion_unix": 1711544758
      },
      {
        "date_start_unix": 1661126400,
        "date_end_unix": 1661644800,
        "average": 284,
        "data_is_outdated": true,
        "date_of_insertion_unix": 1711544758
      },
      {
        "date_start_unix": 1659916800,
        "date_end_unix": 1660435200,
        "average": 269,
        "data_is_outdated": true,
        "date_of_insertion_unix": 1711544758
      },
      {
        "date_start_unix": 1629072000,
        "date_end_unix": 1629590400,
        "average": 458,
        "data_is_outdated": true,
        "date_of_insertion_unix": 1711544758
      },
      {
        "date_start_unix": 1643587200,
        "date_end_unix": 1644105600,
        "average": 1717,
        "data_is_outdated": true,
        "date_of_insertion_unix": 1711544758
      },
      {
        "date_start_unix": 1670803200,
        "date_end_unix": 1671321600,
        "average": 1136,
        "data_is_outdated": true,
        "date_of_insertion_unix": 1711544758
      },
      {
        "date_start_unix": 1696809600,
        "date_end_unix": 1697328000,
        "average": 290,
        "data_is_outdated": true,
        "date_of_insertion_unix": 1711544758
      },
      {
        "date_start_unix": 1691366400,
        "date_end_unix": 1691884800,
        "average": 89,
        "data_is_outdated": true,
        "date_of_insertion_unix": 1711544758
      },
      {
        "date_start_unix": 1707696000,
        "date_end_unix": 1708214400,
        "average": 570,
        "data_is_outdated": true,
        "date_of_insertion_unix": 1711544758
      },
      {
        "date_start_unix": 1653264000,
        "date_end_unix": 1653782400,
        "average": 52,
        "data_is_outdated": true,
        "date_of_insertion_unix": 1711544758
      },
      {
        "date_start_unix": 1642377600,
        "date_end_unix": 1642896000,
        "average": 1029,
        "data_is_outdated": true,
        "date_of_insertion_unix": 1711544758
      },
      {
        "date_start_unix": 1696204800,
        "date_end_unix": 1696723200,
        "average": 332,
        "data_is_outdated": true,
        "date_of_insertion_unix": 1711544758
      },
      {
        "date_start_unix": 1636329600,
        "date_end_unix": 1636848000,
        "average": 713,
        "data_is_outdated": true,
        "date_of_insertion_unix": 1711544758
      },
      {
        "date_start_unix": 1682294400,
        "date_end_unix": 1682812800,
        "average": 324,
        "data_is_outdated": true,
        "date_of_insertion_unix": 1711544758
      },
      {
        "date_start_unix": 1702252800,
        "date_end_unix": 1702771200,
        "average": 4362,
        "data_is_outdated": true,
        "date_of_insertion_unix": 1711544758
      },
      {
        "date_start_unix": 1601856000,
        "date_end_unix": 1602374400,
        "average": 89,
        "data_is_outdated": true,
        "date_of_insertion_unix": 1711544758
      },
      {
        "date_start_unix": 1681689600,
        "date_end_unix": 1682208000,
        "average": 479,
        "data_is_outdated": true,
        "date_of_insertion_unix": 1711544758
      },
      {
        "date_start_unix": 1702857600,
        "date_end_unix": 1703376000,
        "average": 5932,
        "data_is_outdated": true,
        "date_of_insertion_unix": 1711544758
      }
    ],
    "last_value": {
      "date_start_unix": 1710720000,
      "date_end_unix": 1711238400,
      "average": 21,
      "data_is_outdated": false,
      "date_of_insertion_unix": 1711544758
    }
  },
  "sewer_installation_measurement": {
    "total_number_of_samples": 2,
    "sampled_installation_count": 1,
    "total_installation_count": 1,
    "date_start_unix": 1710720000,
    "date_end_unix": 1711238400,
    "date_of_insertion_unix": 1711544758
  },
  "sewer_per_installation": {
    "values": [
      {
        "rwzi_awzi_name": "Tiel",
        "values": [
          {
            "date_unix": 1599696000,
            "rna_normalized": 12,
            "date_of_insertion_unix": 1711544762
          },
          {
            "date_unix": 1600214400,
            "rna_normalized": 84,
            "date_of_insertion_unix": 1711544762
          },
          {
            "date_unix": 1600732800,
            "rna_normalized": 77,
            "date_of_insertion_unix": 1711544762
          },
          {
            "date_unix": 1601164800,
            "rna_normalized": 59,
            "date_of_insertion_unix": 1711544762
          },
          {
            "date_unix": 1601769600,
            "rna_normalized": 330,
            "date_of_insertion_unix": 1711544762
          },
          {
            "date_unix": 1602288000,
            "rna_normalized": 89,
            "date_of_insertion_unix": 1711544762
          },
          {
            "date_unix": 1603324800,
            "rna_normalized": 774,
            "date_of_insertion_unix": 1711544762
          },
          {
            "date_unix": 1603843200,
            "rna_normalized": 910,
            "date_of_insertion_unix": 1711544762
          },
          {
            "date_unix": 1604275200,
            "rna_normalized": 400,
            "date_of_insertion_unix": 1711544762
          },
          {
            "date_unix": 1604793600,
            "rna_normalized": 859,
            "date_of_insertion_unix": 1711544762
          },
          {
            "date_unix": 1605225600,
            "rna_normalized": 494,
            "date_of_insertion_unix": 1711544762
          },
          {
            "date_unix": 1605916800,
            "rna_normalized": 118,
            "date_of_insertion_unix": 1711544762
          },
          {
            "date_unix": 1606435200,
            "rna_normalized": 71,
            "date_of_insertion_unix": 1711544762
          },
          {
            "date_unix": 1606780800,
            "rna_normalized": 150,
            "date_of_insertion_unix": 1711544762
          },
          {
            "date_unix": 1607040000,
            "rna_normalized": 128,
            "date_of_insertion_unix": 1711544762
          },
          {
            "date_unix": 1607385600,
            "rna_normalized": 100,
            "date_of_insertion_unix": 1711544762
          },
          {
            "date_unix": 1607731200,
            "rna_normalized": 125,
            "date_of_insertion_unix": 1711544762
          },
          {
            "date_unix": 1607990400,
            "rna_normalized": 184,
            "date_of_insertion_unix": 1711544762
          },
          {
            "date_unix": 1608422400,
            "rna_normalized": 138,
            "date_of_insertion_unix": 1711544762
          },
          {
            "date_unix": 1609113600,
            "rna_normalized": 87,
            "date_of_insertion_unix": 1711544762
          },
          {
            "date_unix": 1609718400,
            "rna_normalized": 325,
            "date_of_insertion_unix": 1711544762
          },
          {
            "date_unix": 1611014400,
            "rna_normalized": 458,
            "date_of_insertion_unix": 1711544762
          },
          {
            "date_unix": 1611273600,
            "rna_normalized": 107,
            "date_of_insertion_unix": 1711544762
          },
          {
            "date_unix": 1611619200,
            "rna_normalized": 297,
            "date_of_insertion_unix": 1711544762
          },
          {
            "date_unix": 1612137600,
            "rna_normalized": 283,
            "date_of_insertion_unix": 1711544762
          },
          {
            "date_unix": 1612396800,
            "rna_normalized": 325,
            "date_of_insertion_unix": 1711544762
          },
          {
            "date_unix": 1612656000,
            "rna_normalized": 125,
            "date_of_insertion_unix": 1711544762
          },
          {
            "date_unix": 1613347200,
            "rna_normalized": 593,
            "date_of_insertion_unix": 1711544762
          },
          {
            "date_unix": 1613692800,
            "rna_normalized": 482,
            "date_of_insertion_unix": 1711544762
          },
          {
            "date_unix": 1614038400,
            "rna_normalized": 340,
            "date_of_insertion_unix": 1711544762
          },
          {
            "date_unix": 1614384000,
            "rna_normalized": 493,
            "date_of_insertion_unix": 1711544762
          },
          {
            "date_unix": 1614643200,
            "rna_normalized": 322,
            "date_of_insertion_unix": 1711544762
          },
          {
            "date_unix": 1614816000,
            "rna_normalized": 498,
            "date_of_insertion_unix": 1711544762
          },
          {
            "date_unix": 1615075200,
            "rna_normalized": 164,
            "date_of_insertion_unix": 1711544762
          },
          {
            "date_unix": 1615248000,
            "rna_normalized": 311,
            "date_of_insertion_unix": 1711544762
          },
          {
            "date_unix": 1615766400,
            "rna_normalized": 219,
            "date_of_insertion_unix": 1711544762
          },
          {
            "date_unix": 1615939200,
            "rna_normalized": 231,
            "date_of_insertion_unix": 1711544762
          },
          {
            "date_unix": 1616544000,
            "rna_normalized": 292,
            "date_of_insertion_unix": 1711544762
          },
          {
            "date_unix": 1616371200,
            "rna_normalized": 284,
            "date_of_insertion_unix": 1711544762
          },
          {
            "date_unix": 1616889600,
            "rna_normalized": 237,
            "date_of_insertion_unix": 1711544762
          },
          {
            "date_unix": 1617062400,
            "rna_normalized": 143,
            "date_of_insertion_unix": 1711544762
          },
          {
            "date_unix": 1617753600,
            "rna_normalized": 304,
            "date_of_insertion_unix": 1711544762
          },
          {
            "date_unix": 1617580800,
            "rna_normalized": 247,
            "date_of_insertion_unix": 1711544762
          },
          {
            "date_unix": 1618272000,
            "rna_normalized": 190,
            "date_of_insertion_unix": 1711544762
          },
          {
            "date_unix": 1618444800,
            "rna_normalized": 232,
            "date_of_insertion_unix": 1711544762
          },
          {
            "date_unix": 1618790400,
            "rna_normalized": 266,
            "date_of_insertion_unix": 1711544762
          },
          {
            "date_unix": 1619222400,
            "rna_normalized": 317,
            "date_of_insertion_unix": 1711544762
          },
          {
            "date_unix": 1619481600,
            "rna_normalized": 112,
            "date_of_insertion_unix": 1711544762
          },
          {
            "date_unix": 1620172800,
            "rna_normalized": 424,
            "date_of_insertion_unix": 1711544762
          },
          {
            "date_unix": 1620691200,
            "rna_normalized": 555,
            "date_of_insertion_unix": 1711544762
          },
          {
            "date_unix": 1622419200,
            "rna_normalized": 93,
            "date_of_insertion_unix": 1711544762
          },
          {
            "date_unix": 1622937600,
            "rna_normalized": 132,
            "date_of_insertion_unix": 1711544762
          },
          {
            "date_unix": 1623110400,
            "rna_normalized": 125,
            "date_of_insertion_unix": 1711544762
          },
          {
            "date_unix": 1623801600,
            "rna_normalized": 54,
            "date_of_insertion_unix": 1711544762
          },
          {
            "date_unix": 1624492800,
            "rna_normalized": 23,
            "date_of_insertion_unix": 1711544762
          },
          {
            "date_unix": 1624838400,
            "rna_normalized": 73,
            "date_of_insertion_unix": 1711544762
          },
          {
            "date_unix": 1626134400,
            "rna_normalized": 583,
            "date_of_insertion_unix": 1711544762
          },
          {
            "date_unix": 1626739200,
            "rna_normalized": 731,
            "date_of_insertion_unix": 1711544762
          },
          {
            "date_unix": 1626912000,
            "rna_normalized": 153,
            "date_of_insertion_unix": 1711544762
          },
          {
            "date_unix": 1627603200,
            "rna_normalized": 237,
            "date_of_insertion_unix": 1711544762
          },
          {
            "date_unix": 1627948800,
            "rna_normalized": 605,
            "date_of_insertion_unix": 1711544762
          },
          {
            "date_unix": 1629158400,
            "rna_normalized": 373,
            "date_of_insertion_unix": 1711544762
          },
          {
            "date_unix": 1629590400,
            "rna_normalized": 543,
            "date_of_insertion_unix": 1711544762
          },
          {
            "date_unix": 1629763200,
            "rna_normalized": 305,
            "date_of_insertion_unix": 1711544762
          },
          {
            "date_unix": 1630108800,
            "rna_normalized": 163,
            "date_of_insertion_unix": 1711544762
          },
          {
            "date_unix": 1630368000,
            "rna_normalized": 34,
            "date_of_insertion_unix": 1711544762
          },
          {
            "date_unix": 1630540800,
            "rna_normalized": 270,
            "date_of_insertion_unix": 1711544762
          },
          {
            "date_unix": 1630800000,
            "rna_normalized": 118,
            "date_of_insertion_unix": 1711544762
          },
          {
            "date_unix": 1631059200,
            "rna_normalized": 142,
            "date_of_insertion_unix": 1711544762
          },
          {
            "date_unix": 1630886400,
            "rna_normalized": 44,
            "date_of_insertion_unix": 1711544762
          },
          {
            "date_unix": 1631145600,
            "rna_normalized": 116,
            "date_of_insertion_unix": 1711544762
          },
          {
            "date_unix": 1631664000,
            "rna_normalized": 25,
            "date_of_insertion_unix": 1711544762
          },
          {
            "date_unix": 1632096000,
            "rna_normalized": 46,
            "date_of_insertion_unix": 1711544762
          },
          {
            "date_unix": 1632355200,
            "rna_normalized": 19,
            "date_of_insertion_unix": 1711544762
          },
          {
            "date_unix": 1632787200,
            "rna_normalized": 215,
            "date_of_insertion_unix": 1711544762
          },
          {
            "date_unix": 1632700800,
            "rna_normalized": 43,
            "date_of_insertion_unix": 1711544762
          },
          {
            "date_unix": 1632614400,
            "rna_normalized": 36,
            "date_of_insertion_unix": 1711544762
          },
          {
            "date_unix": 1633305600,
            "rna_normalized": 429,
            "date_of_insertion_unix": 1711544762
          },
          {
            "date_unix": 1633392000,
            "rna_normalized": 131,
            "date_of_insertion_unix": 1711544762
          },
          {
            "date_unix": 1633910400,
            "rna_normalized": 820,
            "date_of_insertion_unix": 1711544762
          },
          {
            "date_unix": 1633996800,
            "rna_normalized": 1412,
            "date_of_insertion_unix": 1711544762
          },
          {
            "date_unix": 1634515200,
            "rna_normalized": 214,
            "date_of_insertion_unix": 1711544762
          },
          {
            "date_unix": 1634601600,
            "rna_normalized": 345,
            "date_of_insertion_unix": 1711544762
          },
          {
            "date_unix": 1635206400,
            "rna_normalized": 263,
            "date_of_insertion_unix": 1711544762
          },
          {
            "date_unix": 1635120000,
            "rna_normalized": 455,
            "date_of_insertion_unix": 1711544762
          },
          {
            "date_unix": 1635379200,
            "rna_normalized": 802,
            "date_of_insertion_unix": 1711544762
          },
          {
            "date_unix": 1634169600,
            "rna_normalized": 132,
            "date_of_insertion_unix": 1711544762
          },
          {
            "date_unix": 1634688000,
            "rna_normalized": 180,
            "date_of_insertion_unix": 1711544762
          },
          {
            "date_unix": 1635811200,
            "rna_normalized": 265,
            "date_of_insertion_unix": 1711544762
          },
          {
            "date_unix": 1635984000,
            "rna_normalized": 246,
            "date_of_insertion_unix": 1711544762
          },
          {
            "date_unix": 1636243200,
            "rna_normalized": 498,
            "date_of_insertion_unix": 1711544762
          },
          {
            "date_unix": 1636329600,
            "rna_normalized": 800,
            "date_of_insertion_unix": 1711544762
          },
          {
            "date_unix": 1636588800,
            "rna_normalized": 608,
            "date_of_insertion_unix": 1711544762
          },
          {
            "date_unix": 1636761600,
            "rna_normalized": 732,
            "date_of_insertion_unix": 1711544762
          },
          {
            "date_unix": 1637193600,
            "rna_normalized": 946,
            "date_of_insertion_unix": 1711544762
          },
          {
            "date_unix": 1637452800,
            "rna_normalized": 824,
            "date_of_insertion_unix": 1711544762
          },
          {
            "date_unix": 1637539200,
            "rna_normalized": 488,
            "date_of_insertion_unix": 1711544762
          },
          {
            "date_unix": 1637625600,
            "rna_normalized": 711,
            "date_of_insertion_unix": 1711544762
          },
          {
            "date_unix": 1637712000,
            "rna_normalized": 344,
            "date_of_insertion_unix": 1711544762
          },
          {
            "date_unix": 1637798400,
            "rna_normalized": 512,
            "date_of_insertion_unix": 1711544762
          },
          {
            "date_unix": 1638230400,
            "rna_normalized": 1226,
            "date_of_insertion_unix": 1711544762
          },
          {
            "date_unix": 1638316800,
            "rna_normalized": 615,
            "date_of_insertion_unix": 1711544762
          },
          {
            "date_unix": 1638144000,
            "rna_normalized": 609,
            "date_of_insertion_unix": 1711544762
          },
          {
            "date_unix": 1638403200,
            "rna_normalized": 304,
            "date_of_insertion_unix": 1711544762
          },
          {
            "date_unix": 1638835200,
            "rna_normalized": 434,
            "date_of_insertion_unix": 1711544762
          },
          {
            "date_unix": 1638748800,
            "rna_normalized": 512,
            "date_of_insertion_unix": 1711544762
          },
          {
            "date_unix": 1638921600,
            "rna_normalized": 511,
            "date_of_insertion_unix": 1711544762
          },
          {
            "date_unix": 1639008000,
            "rna_normalized": 410,
            "date_of_insertion_unix": 1711544762
          },
          {
            "date_unix": 1639353600,
            "rna_normalized": 487,
            "date_of_insertion_unix": 1711544762
          },
          {
            "date_unix": 1639440000,
            "rna_normalized": 857,
            "date_of_insertion_unix": 1711544762
          },
          {
            "date_unix": 1639526400,
            "rna_normalized": 779,
            "date_of_insertion_unix": 1711544762
          },
          {
            "date_unix": 1639612800,
            "rna_normalized": 1018,
            "date_of_insertion_unix": 1711544762
          },
          {
            "date_unix": 1639958400,
            "rna_normalized": 335,
            "date_of_insertion_unix": 1711544762
          },
          {
            "date_unix": 1640044800,
            "rna_normalized": 542,
            "date_of_insertion_unix": 1711544762
          },
          {
            "date_unix": 1640131200,
            "rna_normalized": 1668,
            "date_of_insertion_unix": 1711544762
          },
          {
            "date_unix": 1640217600,
            "rna_normalized": 1680,
            "date_of_insertion_unix": 1711544762
          },
          {
            "date_unix": 1640736000,
            "rna_normalized": 1191,
            "date_of_insertion_unix": 1711544762
          },
          {
            "date_unix": 1640649600,
            "rna_normalized": 378,
            "date_of_insertion_unix": 1711544762
          },
          {
            "date_unix": 1640908800,
            "rna_normalized": 744,
            "date_of_insertion_unix": 1711544762
          },
          {
            "date_unix": 1640995200,
            "rna_normalized": 323,
            "date_of_insertion_unix": 1711544762
          },
          {
            "date_unix": 1641427200,
            "rna_normalized": 345,
            "date_of_insertion_unix": 1711544762
          },
          {
            "date_unix": 1641254400,
            "rna_normalized": 354,
            "date_of_insertion_unix": 1711544762
          },
          {
            "date_unix": 1642377600,
            "rna_normalized": 575,
            "date_of_insertion_unix": 1711544762
          },
          {
            "date_unix": 1642464000,
            "rna_normalized": 952,
            "date_of_insertion_unix": 1711544762
          },
          {
            "date_unix": 1641859200,
            "rna_normalized": 247,
            "date_of_insertion_unix": 1711544762
          },
          {
            "date_unix": 1642032000,
            "rna_normalized": 613,
            "date_of_insertion_unix": 1711544762
          },
          {
            "date_unix": 1642204800,
            "rna_normalized": 730,
            "date_of_insertion_unix": 1711544762
          },
          {
            "date_unix": 1642291200,
            "rna_normalized": 405,
            "date_of_insertion_unix": 1711544762
          },
          {
            "date_unix": 1642636800,
            "rna_normalized": 2098,
            "date_of_insertion_unix": 1711544762
          },
          {
            "date_unix": 1642809600,
            "rna_normalized": 492,
            "date_of_insertion_unix": 1711544762
          },
          {
            "date_unix": 1643068800,
            "rna_normalized": 1016,
            "date_of_insertion_unix": 1711544762
          },
          {
            "date_unix": 1643155200,
            "rna_normalized": 1397,
            "date_of_insertion_unix": 1711544762
          },
          {
            "date_unix": 1643241600,
            "rna_normalized": 1839,
            "date_of_insertion_unix": 1711544762
          },
          {
            "date_unix": 1643328000,
            "rna_normalized": 1443,
            "date_of_insertion_unix": 1711544762
          },
          {
            "date_unix": 1643673600,
            "rna_normalized": 1717,
            "date_of_insertion_unix": 1711544762
          },
          {
            "date_unix": 1644364800,
            "rna_normalized": 1035,
            "date_of_insertion_unix": 1711544762
          },
          {
            "date_unix": 1644624000,
            "rna_normalized": 1015,
            "date_of_insertion_unix": 1711544762
          },
          {
            "date_unix": 1644883200,
            "rna_normalized": 1719,
            "date_of_insertion_unix": 1711544762
          },
          {
            "date_unix": 1644710400,
            "rna_normalized": 909,
            "date_of_insertion_unix": 1711544762
          },
          {
            "date_unix": 1644969600,
            "rna_normalized": 1036,
            "date_of_insertion_unix": 1711544762
          },
          {
            "date_unix": 1645056000,
            "rna_normalized": 359,
            "date_of_insertion_unix": 1711544762
          },
          {
            "date_unix": 1646179200,
            "rna_normalized": 979,
            "date_of_insertion_unix": 1711544762
          },
          {
            "date_unix": 1646265600,
            "rna_normalized": 1710,
            "date_of_insertion_unix": 1711544762
          },
          {
            "date_unix": 1645574400,
            "rna_normalized": 857,
            "date_of_insertion_unix": 1711544762
          },
          {
            "date_unix": 1645920000,
            "rna_normalized": 1050,
            "date_of_insertion_unix": 1711544762
          },
          {
            "date_unix": 1646697600,
            "rna_normalized": 1076,
            "date_of_insertion_unix": 1711544762
          },
          {
            "date_unix": 1646524800,
            "rna_normalized": 1914,
            "date_of_insertion_unix": 1711544762
          },
          {
            "date_unix": 1646611200,
            "rna_normalized": 1780,
            "date_of_insertion_unix": 1711544762
          },
          {
            "date_unix": 1646870400,
            "rna_normalized": 1893,
            "date_of_insertion_unix": 1711544762
          },
          {
            "date_unix": 1647648000,
            "rna_normalized": 2011,
            "date_of_insertion_unix": 1711544762
          },
          {
            "date_unix": 1647388800,
            "rna_normalized": 1548,
            "date_of_insertion_unix": 1711544762
          },
          {
            "date_unix": 1647475200,
            "rna_normalized": 1610,
            "date_of_insertion_unix": 1711544762
          },
          {
            "date_unix": 1647907200,
            "rna_normalized": 890,
            "date_of_insertion_unix": 1711544762
          },
          {
            "date_unix": 1647993600,
            "rna_normalized": 697,
            "date_of_insertion_unix": 1711544762
          },
          {
            "date_unix": 1647734400,
            "rna_normalized": 1473,
            "date_of_insertion_unix": 1711544762
          },
          {
            "date_unix": 1647820800,
            "rna_normalized": 1866,
            "date_of_insertion_unix": 1711544762
          },
          {
            "date_unix": 1648166400,
            "rna_normalized": 734,
            "date_of_insertion_unix": 1711544762
          },
          {
            "date_unix": 1648684800,
            "rna_normalized": 1564,
            "date_of_insertion_unix": 1711544762
          },
          {
            "date_unix": 1648425600,
            "rna_normalized": 613,
            "date_of_insertion_unix": 1711544762
          },
          {
            "date_unix": 1648512000,
            "rna_normalized": 579,
            "date_of_insertion_unix": 1711544762
          },
          {
            "date_unix": 1649030400,
            "rna_normalized": 820,
            "date_of_insertion_unix": 1711544762
          },
          {
            "date_unix": 1649116800,
            "rna_normalized": 337,
            "date_of_insertion_unix": 1711544762
          },
          {
            "date_unix": 1649203200,
            "rna_normalized": 2561,
            "date_of_insertion_unix": 1711544762
          },
          {
            "date_unix": 1649808000,
            "rna_normalized": 531,
            "date_of_insertion_unix": 1711544762
          },
          {
            "date_unix": 1649635200,
            "rna_normalized": 538,
            "date_of_insertion_unix": 1711544762
          },
          {
            "date_unix": 1649894400,
            "rna_normalized": 594,
            "date_of_insertion_unix": 1711544762
          },
          {
            "date_unix": 1649721600,
            "rna_normalized": 437,
            "date_of_insertion_unix": 1711544762
          },
          {
            "date_unix": 1650326400,
            "rna_normalized": 405,
            "date_of_insertion_unix": 1711544762
          },
          {
            "date_unix": 1651017600,
            "rna_normalized": 307,
            "date_of_insertion_unix": 1711544762
          },
          {
            "date_unix": 1651276800,
            "rna_normalized": 176,
            "date_of_insertion_unix": 1711544762
          },
          {
            "date_unix": 1651622400,
            "rna_normalized": 155,
            "date_of_insertion_unix": 1711544762
          },
          {
            "date_unix": 1651708800,
            "rna_normalized": 200,
            "date_of_insertion_unix": 1711544762
          },
          {
            "date_unix": 1652054400,
            "rna_normalized": 68,
            "date_of_insertion_unix": 1711544762
          },
          {
            "date_unix": 1651968000,
            "rna_normalized": 145,
            "date_of_insertion_unix": 1711544762
          },
          {
            "date_unix": 1652140800,
            "rna_normalized": 62,
            "date_of_insertion_unix": 1711544762
          },
          {
            "date_unix": 1652486400,
            "rna_normalized": 169,
            "date_of_insertion_unix": 1711544762
          },
          {
            "date_unix": 1652659200,
            "rna_normalized": 90,
            "date_of_insertion_unix": 1711544762
          },
          {
            "date_unix": 1652832000,
            "rna_normalized": 258,
            "date_of_insertion_unix": 1711544762
          },
          {
            "date_unix": 1652572800,
            "rna_normalized": 75,
            "date_of_insertion_unix": 1711544762
          },
          {
            "date_unix": 1652745600,
            "rna_normalized": 117,
            "date_of_insertion_unix": 1711544762
          },
          {
            "date_unix": 1653177600,
            "rna_normalized": 91,
            "date_of_insertion_unix": 1711544762
          },
          {
            "date_unix": 1653350400,
            "rna_normalized": 11,
            "date_of_insertion_unix": 1711544762
          },
          {
            "date_unix": 1653523200,
            "rna_normalized": 47,
            "date_of_insertion_unix": 1711544762
          },
          {
            "date_unix": 1654732800,
            "rna_normalized": 216,
            "date_of_insertion_unix": 1711544762
          },
          {
            "date_unix": 1655251200,
            "rna_normalized": 454,
            "date_of_insertion_unix": 1711544762
          },
          {
            "date_unix": 1653782400,
            "rna_normalized": 97,
            "date_of_insertion_unix": 1711544762
          },
          {
            "date_unix": 1653868800,
            "rna_normalized": 268,
            "date_of_insertion_unix": 1711544762
          },
          {
            "date_unix": 1653955200,
            "rna_normalized": 290,
            "date_of_insertion_unix": 1711544762
          },
          {
            "date_unix": 1654041600,
            "rna_normalized": 298,
            "date_of_insertion_unix": 1711544762
          },
          {
            "date_unix": 1654128000,
            "rna_normalized": 220,
            "date_of_insertion_unix": 1711544762
          },
          {
            "date_unix": 1654992000,
            "rna_normalized": 617,
            "date_of_insertion_unix": 1711544762
          },
          {
            "date_unix": 1655078400,
            "rna_normalized": 291,
            "date_of_insertion_unix": 1711544762
          },
          {
            "date_unix": 1655164800,
            "rna_normalized": 228,
            "date_of_insertion_unix": 1711544762
          },
          {
            "date_unix": 1655510400,
            "rna_normalized": 623,
            "date_of_insertion_unix": 1711544762
          },
          {
            "date_unix": 1655683200,
            "rna_normalized": 831,
            "date_of_insertion_unix": 1711544762
          },
          {
            "date_unix": 1655769600,
            "rna_normalized": 483,
            "date_of_insertion_unix": 1711544762
          },
          {
            "date_unix": 1655856000,
            "rna_normalized": 199,
            "date_of_insertion_unix": 1711544762
          },
          {
            "date_unix": 1656201600,
            "rna_normalized": 298,
            "date_of_insertion_unix": 1711544762
          },
          {
            "date_unix": 1656979200,
            "rna_normalized": 399,
            "date_of_insertion_unix": 1711544762
          },
          {
            "date_unix": 1656892800,
            "rna_normalized": 1302,
            "date_of_insertion_unix": 1711544762
          },
          {
            "date_unix": 1657238400,
            "rna_normalized": 1144,
            "date_of_insertion_unix": 1711544762
          },
          {
            "date_unix": 1657670400,
            "rna_normalized": 1087,
            "date_of_insertion_unix": 1711544762
          },
          {
            "date_unix": 1657411200,
            "rna_normalized": 1369,
            "date_of_insertion_unix": 1711544762
          },
          {
            "date_unix": 1657584000,
            "rna_normalized": 1317,
            "date_of_insertion_unix": 1711544762
          },
          {
            "date_unix": 1657756800,
            "rna_normalized": 1308,
            "date_of_insertion_unix": 1711544762
          },
          {
            "date_unix": 1658102400,
            "rna_normalized": 1414,
            "date_of_insertion_unix": 1711544762
          },
          {
            "date_unix": 1658448000,
            "rna_normalized": 560,
            "date_of_insertion_unix": 1711544762
          },
          {
            "date_unix": 1658707200,
            "rna_normalized": 1110,
            "date_of_insertion_unix": 1711544762
          },
          {
            "date_unix": 1658793600,
            "rna_normalized": 1567,
            "date_of_insertion_unix": 1711544762
          },
          {
            "date_unix": 1658966400,
            "rna_normalized": 502,
            "date_of_insertion_unix": 1711544762
          },
          {
            "date_unix": 1659139200,
            "rna_normalized": 462,
            "date_of_insertion_unix": 1711544762
          },
          {
            "date_unix": 1659312000,
            "rna_normalized": 603,
            "date_of_insertion_unix": 1711544762
          },
          {
            "date_unix": 1659398400,
            "rna_normalized": 1813,
            "date_of_insertion_unix": 1711544762
          },
          {
            "date_unix": 1659484800,
            "rna_normalized": 589,
            "date_of_insertion_unix": 1711544762
          },
          {
            "date_unix": 1659744000,
            "rna_normalized": 511,
            "date_of_insertion_unix": 1711544762
          },
          {
            "date_unix": 1659916800,
            "rna_normalized": 308,
            "date_of_insertion_unix": 1711544762
          },
          {
            "date_unix": 1660003200,
            "rna_normalized": 231,
            "date_of_insertion_unix": 1711544762
          },
          {
            "date_unix": 1660694400,
            "rna_normalized": 559,
            "date_of_insertion_unix": 1711544762
          },
          {
            "date_unix": 1660780800,
            "rna_normalized": 385,
            "date_of_insertion_unix": 1711544762
          },
          {
            "date_unix": 1660953600,
            "rna_normalized": 122,
            "date_of_insertion_unix": 1711544762
          },
          {
            "date_unix": 1661126400,
            "rna_normalized": 134,
            "date_of_insertion_unix": 1711544762
          },
          {
            "date_unix": 1661212800,
            "rna_normalized": 368,
            "date_of_insertion_unix": 1711544762
          },
          {
            "date_unix": 1661299200,
            "rna_normalized": 229,
            "date_of_insertion_unix": 1711544762
          },
          {
            "date_unix": 1661385600,
            "rna_normalized": 404,
            "date_of_insertion_unix": 1711544762
          },
          {
            "date_unix": 1661731200,
            "rna_normalized": 245,
            "date_of_insertion_unix": 1711544762
          },
          {
            "date_unix": 1661817600,
            "rna_normalized": 134,
            "date_of_insertion_unix": 1711544762
          },
          {
            "date_unix": 1661904000,
            "rna_normalized": 192,
            "date_of_insertion_unix": 1711544762
          },
          {
            "date_unix": 1662249600,
            "rna_normalized": 301,
            "date_of_insertion_unix": 1711544762
          },
          {
            "date_unix": 1662336000,
            "rna_normalized": 889,
            "date_of_insertion_unix": 1711544762
          },
          {
            "date_unix": 1662422400,
            "rna_normalized": 917,
            "date_of_insertion_unix": 1711544762
          },
          {
            "date_unix": 1662854400,
            "rna_normalized": 166,
            "date_of_insertion_unix": 1711544762
          },
          {
            "date_unix": 1663804800,
            "rna_normalized": 697,
            "date_of_insertion_unix": 1711544762
          },
          {
            "date_unix": 1663632000,
            "rna_normalized": 402,
            "date_of_insertion_unix": 1711544762
          },
          {
            "date_unix": 1663718400,
            "rna_normalized": 415,
            "date_of_insertion_unix": 1711544762
          },
          {
            "date_unix": 1663891200,
            "rna_normalized": 1036,
            "date_of_insertion_unix": 1711544762
          },
          {
            "date_unix": 1664409600,
            "rna_normalized": 779,
            "date_of_insertion_unix": 1711544762
          },
          {
            "date_unix": 1664841600,
            "rna_normalized": 1261,
            "date_of_insertion_unix": 1711544762
          },
          {
            "date_unix": 1664928000,
            "rna_normalized": 2357,
            "date_of_insertion_unix": 1711544762
          },
          {
            "date_unix": 1665100800,
            "rna_normalized": 2130,
            "date_of_insertion_unix": 1711544762
          },
          {
            "date_unix": 1665619200,
            "rna_normalized": 1557,
            "date_of_insertion_unix": 1711544762
          },
          {
            "date_unix": 1665273600,
            "rna_normalized": 3476,
            "date_of_insertion_unix": 1711544762
          },
          {
            "date_unix": 1665446400,
            "rna_normalized": 1285,
            "date_of_insertion_unix": 1711544762
          },
          {
            "date_unix": 1666137600,
            "rna_normalized": 1126,
            "date_of_insertion_unix": 1711544762
          },
          {
            "date_unix": 1666742400,
            "rna_normalized": 802,
            "date_of_insertion_unix": 1711544762
          },
          {
            "date_unix": 1666483200,
            "rna_normalized": 900,
            "date_of_insertion_unix": 1711544762
          },
          {
            "date_unix": 1667433600,
            "rna_normalized": 905,
            "date_of_insertion_unix": 1711544762
          },
          {
            "date_unix": 1667001600,
            "rna_normalized": 947,
            "date_of_insertion_unix": 1711544762
          },
          {
            "date_unix": 1667174400,
            "rna_normalized": 1337,
            "date_of_insertion_unix": 1711544762
          },
          {
            "date_unix": 1667260800,
            "rna_normalized": 661,
            "date_of_insertion_unix": 1711544762
          },
          {
            "date_unix": 1667347200,
            "rna_normalized": 938,
            "date_of_insertion_unix": 1711544762
          },
          {
            "date_unix": 1667865600,
            "rna_normalized": 493,
            "date_of_insertion_unix": 1711544762
          },
          {
            "date_unix": 1668297600,
            "rna_normalized": 412,
            "date_of_insertion_unix": 1711544762
          },
          {
            "date_unix": 1668384000,
            "rna_normalized": 517,
            "date_of_insertion_unix": 1711544762
          },
          {
            "date_unix": 1670112000,
            "rna_normalized": 1695,
            "date_of_insertion_unix": 1711544762
          },
          {
            "date_unix": 1670198400,
            "rna_normalized": 1018,
            "date_of_insertion_unix": 1711544762
          },
          {
            "date_unix": 1670371200,
            "rna_normalized": 1013,
            "date_of_insertion_unix": 1711544762
          },
          {
            "date_unix": 1670457600,
            "rna_normalized": 932,
            "date_of_insertion_unix": 1711544762
          },
          {
            "date_unix": 1670803200,
            "rna_normalized": 768,
            "date_of_insertion_unix": 1711544762
          },
          {
            "date_unix": 1670976000,
            "rna_normalized": 1503,
            "date_of_insertion_unix": 1711544762
          },
          {
            "date_unix": 1670716800,
            "rna_normalized": 538,
            "date_of_insertion_unix": 1711544762
          },
          {
            "date_unix": 1671667200,
            "rna_normalized": 4699,
            "date_of_insertion_unix": 1711544762
          },
          {
            "date_unix": 1672012800,
            "rna_normalized": 2107,
            "date_of_insertion_unix": 1711544762
          },
          {
            "date_unix": 1672617600,
            "rna_normalized": 1307,
            "date_of_insertion_unix": 1711544762
          },
          {
            "date_unix": 1672099200,
            "rna_normalized": 1443,
            "date_of_insertion_unix": 1711544762
          },
          {
            "date_unix": 1672272000,
            "rna_normalized": 2175,
            "date_of_insertion_unix": 1711544762
          },
          {
            "date_unix": 1674086400,
            "rna_normalized": 96,
            "date_of_insertion_unix": 1711544762
          },
          {
            "date_unix": 1674432000,
            "rna_normalized": 98,
            "date_of_insertion_unix": 1711544762
          },
          {
            "date_unix": 1674259200,
            "rna_normalized": 159,
            "date_of_insertion_unix": 1711544762
          },
          {
            "date_unix": 1674691200,
            "rna_normalized": 620,
            "date_of_insertion_unix": 1711544762
          },
          {
            "date_unix": 1675209600,
            "rna_normalized": 292,
            "date_of_insertion_unix": 1711544762
          },
          {
            "date_unix": 1675123200,
            "rna_normalized": 188,
            "date_of_insertion_unix": 1711544762
          },
          {
            "date_unix": 1675382400,
            "rna_normalized": 469,
            "date_of_insertion_unix": 1711544762
          },
          {
            "date_unix": 1675296000,
            "rna_normalized": 358,
            "date_of_insertion_unix": 1711544762
          },
          {
            "date_unix": 1675641600,
            "rna_normalized": 381,
            "date_of_insertion_unix": 1711544762
          },
          {
            "date_unix": 1675728000,
            "rna_normalized": 337,
            "date_of_insertion_unix": 1711544762
          },
          {
            "date_unix": 1675900800,
            "rna_normalized": 685,
            "date_of_insertion_unix": 1711544762
          },
          {
            "date_unix": 1676246400,
            "rna_normalized": 509,
            "date_of_insertion_unix": 1711544762
          },
          {
            "date_unix": 1676592000,
            "rna_normalized": 661,
            "date_of_insertion_unix": 1711544762
          },
          {
            "date_unix": 1676851200,
            "rna_normalized": 637,
            "date_of_insertion_unix": 1711544762
          },
          {
            "date_unix": 1676419200,
            "rna_normalized": 1627,
            "date_of_insertion_unix": 1711544762
          },
          {
            "date_unix": 1677024000,
            "rna_normalized": 1722,
            "date_of_insertion_unix": 1711544762
          },
          {
            "date_unix": 1677628800,
            "rna_normalized": 736,
            "date_of_insertion_unix": 1711544762
          },
          {
            "date_unix": 1677369600,
            "rna_normalized": 797,
            "date_of_insertion_unix": 1711544762
          },
          {
            "date_unix": 1677456000,
            "rna_normalized": 974,
            "date_of_insertion_unix": 1711544762
          },
          {
            "date_unix": 1677715200,
            "rna_normalized": 1566,
            "date_of_insertion_unix": 1711544762
          },
          {
            "date_unix": 1678233600,
            "rna_normalized": 1723,
            "date_of_insertion_unix": 1711544762
          },
          {
            "date_unix": 1678579200,
            "rna_normalized": 1319,
            "date_of_insertion_unix": 1711544762
          },
          {
            "date_unix": 1678665600,
            "rna_normalized": 1833,
            "date_of_insertion_unix": 1711544762
          },
          {
            "date_unix": 1678838400,
            "rna_normalized": 586,
            "date_of_insertion_unix": 1711544762
          },
          {
            "date_unix": 1679184000,
            "rna_normalized": 585,
            "date_of_insertion_unix": 1711544762
          },
          {
            "date_unix": 1679270400,
            "rna_normalized": 2010,
            "date_of_insertion_unix": 1711544762
          },
          {
            "date_unix": 1679443200,
            "rna_normalized": 3982,
            "date_of_insertion_unix": 1711544762
          },
          {
            "date_unix": 1678147200,
            "rna_normalized": 2116,
            "date_of_insertion_unix": 1711544762
          },
          {
            "date_unix": 1679702400,
            "rna_normalized": 1426,
            "date_of_insertion_unix": 1711544762
          },
          {
            "date_unix": 1680134400,
            "rna_normalized": 1909,
            "date_of_insertion_unix": 1711544762
          },
          {
            "date_unix": 1680048000,
            "rna_normalized": 968,
            "date_of_insertion_unix": 1711544762
          },
          {
            "date_unix": 1680652800,
            "rna_normalized": 1647,
            "date_of_insertion_unix": 1711544762
          },
          {
            "date_unix": 1680220800,
            "rna_normalized": 1143,
            "date_of_insertion_unix": 1711544762
          },
          {
            "date_unix": 1680739200,
            "rna_normalized": 790,
            "date_of_insertion_unix": 1711544762
          },
          {
            "date_unix": 1681084800,
            "rna_normalized": 623,
            "date_of_insertion_unix": 1711544762
          },
          {
            "date_unix": 1682380800,
            "rna_normalized": 406,
            "date_of_insertion_unix": 1711544762
          },
          {
            "date_unix": 1681257600,
            "rna_normalized": 1477,
            "date_of_insertion_unix": 1711544762
          },
          {
            "date_unix": 1681516800,
            "rna_normalized": 1475,
            "date_of_insertion_unix": 1711544762
          },
          {
            "date_unix": 1681689600,
            "rna_normalized": 321,
            "date_of_insertion_unix": 1711544762
          },
          {
            "date_unix": 1682208000,
            "rna_normalized": 716,
            "date_of_insertion_unix": 1711544762
          },
          {
            "date_unix": 1682294400,
            "rna_normalized": 270,
            "date_of_insertion_unix": 1711544762
          },
          {
            "date_unix": 1682812800,
            "rna_normalized": 295,
            "date_of_insertion_unix": 1711544762
          },
          {
            "date_unix": 1681776000,
            "rna_normalized": 399,
            "date_of_insertion_unix": 1711544762
          },
          {
            "date_unix": 1682899200,
            "rna_normalized": 464,
            "date_of_insertion_unix": 1711544762
          },
          {
            "date_unix": 1683072000,
            "rna_normalized": 1120,
            "date_of_insertion_unix": 1711544762
          },
          {
            "date_unix": 1683417600,
            "rna_normalized": 513,
            "date_of_insertion_unix": 1711544762
          },
          {
            "date_unix": 1683504000,
            "rna_normalized": 114,
            "date_of_insertion_unix": 1711544762
          },
          {
            "date_unix": 1684195200,
            "rna_normalized": 566,
            "date_of_insertion_unix": 1711544762
          },
          {
            "date_unix": 1684108800,
            "rna_normalized": 52,
            "date_of_insertion_unix": 1711544762
          },
          {
            "date_unix": 1683590400,
            "rna_normalized": 2,
            "date_of_insertion_unix": 1711544762
          },
          {
            "date_unix": 1684627200,
            "rna_normalized": 19,
            "date_of_insertion_unix": 1711544762
          },
          {
            "date_unix": 1684713600,
            "rna_normalized": 97,
            "date_of_insertion_unix": 1711544762
          },
          {
            "date_unix": 1684886400,
            "rna_normalized": 31,
            "date_of_insertion_unix": 1711544762
          },
          {
            "date_unix": 1685318400,
            "rna_normalized": 79,
            "date_of_insertion_unix": 1711544762
          },
          {
            "date_unix": 1685145600,
            "rna_normalized": 26,
            "date_of_insertion_unix": 1711544762
          },
          {
            "date_unix": 1685491200,
            "rna_normalized": 85,
            "date_of_insertion_unix": 1711544762
          },
          {
            "date_unix": 1685923200,
            "rna_normalized": 37,
            "date_of_insertion_unix": 1711544762
          },
          {
            "date_unix": 1685664000,
            "rna_normalized": 14,
            "date_of_insertion_unix": 1711544762
          },
          {
            "date_unix": 1686096000,
            "rna_normalized": 114,
            "date_of_insertion_unix": 1711544762
          },
          {
            "date_unix": 1686355200,
            "rna_normalized": 60,
            "date_of_insertion_unix": 1711544762
          },
          {
            "date_unix": 1686528000,
            "rna_normalized": 57,
            "date_of_insertion_unix": 1711544762
          },
          {
            "date_unix": 1686700800,
            "rna_normalized": 105,
            "date_of_insertion_unix": 1711544762
          },
          {
            "date_unix": 1687046400,
            "rna_normalized": 111,
            "date_of_insertion_unix": 1711544762
          },
          {
            "date_unix": 1687132800,
            "rna_normalized": 75,
            "date_of_insertion_unix": 1711544762
          },
          {
            "date_unix": 1687305600,
            "rna_normalized": 0,
            "date_of_insertion_unix": 1711544762
          },
          {
            "date_unix": 1687478400,
            "rna_normalized": 21,
            "date_of_insertion_unix": 1711544762
          },
          {
            "date_unix": 1687737600,
            "rna_normalized": 42,
            "date_of_insertion_unix": 1711544762
          },
          {
            "date_unix": 1687996800,
            "rna_normalized": 20,
            "date_of_insertion_unix": 1711544762
          },
          {
            "date_unix": 1688256000,
            "rna_normalized": 14,
            "date_of_insertion_unix": 1711544762
          },
          {
            "date_unix": 1688515200,
            "rna_normalized": 80,
            "date_of_insertion_unix": 1711544762
          },
          {
            "date_unix": 1688428800,
            "rna_normalized": 0,
            "date_of_insertion_unix": 1711544762
          },
          {
            "date_unix": 1688860800,
            "rna_normalized": 65,
            "date_of_insertion_unix": 1711544762
          },
          {
            "date_unix": 1689033600,
            "rna_normalized": 170,
            "date_of_insertion_unix": 1711544762
          },
          {
            "date_unix": 1689120000,
            "rna_normalized": 22,
            "date_of_insertion_unix": 1711544762
          },
          {
            "date_unix": 1689465600,
            "rna_normalized": 0,
            "date_of_insertion_unix": 1711544762
          },
          {
            "date_unix": 1689638400,
            "rna_normalized": 15,
            "date_of_insertion_unix": 1711544762
          },
          {
            "date_unix": 1690156800,
            "rna_normalized": 35,
            "date_of_insertion_unix": 1711544762
          },
          {
            "date_unix": 1690675200,
            "rna_normalized": 225,
            "date_of_insertion_unix": 1711544762
          },
          {
            "date_unix": 1690848000,
            "rna_normalized": 25,
            "date_of_insertion_unix": 1711544762
          },
          {
            "date_unix": 1692144000,
            "rna_normalized": 15,
            "date_of_insertion_unix": 1711544762
          },
          {
            "date_unix": 1691020800,
            "rna_normalized": 0,
            "date_of_insertion_unix": 1711544762
          },
          {
            "date_unix": 1691539200,
            "rna_normalized": 40,
            "date_of_insertion_unix": 1711544762
          },
          {
            "date_unix": 1691625600,
            "rna_normalized": 138,
            "date_of_insertion_unix": 1711544762
          },
          {
            "date_unix": 1692230400,
            "rna_normalized": 43,
            "date_of_insertion_unix": 1711544762
          },
          {
            "date_unix": 1693180800,
            "rna_normalized": 69,
            "date_of_insertion_unix": 1711544762
          },
          {
            "date_unix": 1692835200,
            "rna_normalized": 91,
            "date_of_insertion_unix": 1711544762
          },
          {
            "date_unix": 1693094400,
            "rna_normalized": 227,
            "date_of_insertion_unix": 1711544762
          },
          {
            "date_unix": 1693872000,
            "rna_normalized": 276,
            "date_of_insertion_unix": 1711544762
          },
          {
            "date_unix": 1693267200,
            "rna_normalized": 25,
            "date_of_insertion_unix": 1711544762
          },
          {
            "date_unix": 1693958400,
            "rna_normalized": 581,
            "date_of_insertion_unix": 1711544762
          },
          {
            "date_unix": 1694390400,
            "rna_normalized": 769,
            "date_of_insertion_unix": 1711544762
          },
          {
            "date_unix": 1694908800,
            "rna_normalized": 140,
            "date_of_insertion_unix": 1711544762
          },
          {
            "date_unix": 1694995200,
            "rna_normalized": 404,
            "date_of_insertion_unix": 1711544762
          },
          {
            "date_unix": 1695513600,
            "rna_normalized": 462,
            "date_of_insertion_unix": 1711544762
          },
          {
            "date_unix": 1695600000,
            "rna_normalized": 238,
            "date_of_insertion_unix": 1711544762
          },
          {
            "date_unix": 1696291200,
            "rna_normalized": 314,
            "date_of_insertion_unix": 1711544762
          },
          {
            "date_unix": 1695859200,
            "rna_normalized": 390,
            "date_of_insertion_unix": 1711544762
          },
          {
            "date_unix": 1696809600,
            "rna_normalized": 351,
            "date_of_insertion_unix": 1711544762
          },
          {
            "date_unix": 1697328000,
            "rna_normalized": 229,
            "date_of_insertion_unix": 1711544762
          },
          {
            "date_unix": 1697414400,
            "rna_normalized": 240,
            "date_of_insertion_unix": 1711544762
          },
          {
            "date_unix": 1696464000,
            "rna_normalized": 350,
            "date_of_insertion_unix": 1711544762
          },
          {
            "date_unix": 1697932800,
            "rna_normalized": 166,
            "date_of_insertion_unix": 1711544762
          },
          {
            "date_unix": 1698105600,
            "rna_normalized": 161,
            "date_of_insertion_unix": 1711544762
          },
          {
            "date_unix": 1698537600,
            "rna_normalized": 536,
            "date_of_insertion_unix": 1711544762
          },
          {
            "date_unix": 1698624000,
            "rna_normalized": 836,
            "date_of_insertion_unix": 1711544762
          },
          {
            "date_unix": 1699142400,
            "rna_normalized": 1482,
            "date_of_insertion_unix": 1711544762
          },
          {
            "date_unix": 1699228800,
            "rna_normalized": 481,
            "date_of_insertion_unix": 1711544762
          },
          {
            "date_unix": 1699747200,
            "rna_normalized": 508,
            "date_of_insertion_unix": 1711544762
          },
          {
            "date_unix": 1699833600,
            "rna_normalized": 1522,
            "date_of_insertion_unix": 1711544762
          },
          {
            "date_unix": 1700352000,
            "rna_normalized": 70,
            "date_of_insertion_unix": 1711544762
          },
          {
            "date_unix": 1700524800,
            "rna_normalized": 298,
            "date_of_insertion_unix": 1711544762
          },
          {
            "date_unix": 1700956800,
            "rna_normalized": 1641,
            "date_of_insertion_unix": 1711544762
          },
          {
            "date_unix": 1701043200,
            "rna_normalized": 1324,
            "date_of_insertion_unix": 1711544762
          },
          {
            "date_unix": 1701648000,
            "rna_normalized": 2568,
            "date_of_insertion_unix": 1711544762
          },
          {
            "date_unix": 1701216000,
            "rna_normalized": 1493,
            "date_of_insertion_unix": 1711544762
          },
          {
            "date_unix": 1702166400,
            "rna_normalized": 3808,
            "date_of_insertion_unix": 1711544762
          },
          {
            "date_unix": 1702425600,
            "rna_normalized": 4323,
            "date_of_insertion_unix": 1711544762
          },
          {
            "date_unix": 1702684800,
            "rna_normalized": 4401,
            "date_of_insertion_unix": 1711544762
          },
          {
            "date_unix": 1702857600,
            "rna_normalized": 5541,
            "date_of_insertion_unix": 1711544762
          },
          {
            "date_unix": 1703116800,
            "rna_normalized": 6322,
            "date_of_insertion_unix": 1711544762
          },
          {
            "date_unix": 1703548800,
            "rna_normalized": 1775,
            "date_of_insertion_unix": 1711544762
          },
          {
            "date_unix": 1703721600,
            "rna_normalized": 1634,
            "date_of_insertion_unix": 1711544762
          },
          {
            "date_unix": 1704326400,
            "rna_normalized": 638,
            "date_of_insertion_unix": 1711544762
          },
          {
            "date_unix": 1706054400,
            "rna_normalized": 126,
            "date_of_insertion_unix": 1711544762
          },
          {
            "date_unix": 1706400000,
            "rna_normalized": 314,
            "date_of_insertion_unix": 1711544762
          },
          {
            "date_unix": 1707091200,
            "rna_normalized": 405,
            "date_of_insertion_unix": 1711544762
          },
          {
            "date_unix": 1707868800,
            "rna_normalized": 570,
            "date_of_insertion_unix": 1711544762
          },
          {
            "date_unix": 1708732800,
            "rna_normalized": 80,
            "date_of_insertion_unix": 1711544762
          },
          {
            "date_unix": 1708992000,
            "rna_normalized": 35,
            "date_of_insertion_unix": 1711544762
          },
          {
            "date_unix": 1709424000,
            "rna_normalized": 91,
            "date_of_insertion_unix": 1711544762
          },
          {
            "date_unix": 1709942400,
            "rna_normalized": 117,
            "date_of_insertion_unix": 1711544762
          },
          {
            "date_unix": 1710115200,
            "rna_normalized": 148,
            "date_of_insertion_unix": 1711544762
          },
          {
            "date_unix": 1710633600,
            "rna_normalized": 17,
            "date_of_insertion_unix": 1711544762
          },
          {
            "date_unix": 1710806400,
            "rna_normalized": 1,
            "date_of_insertion_unix": 1711544762
          },
          {
            "date_unix": 1711065600,
            "rna_normalized": 40,
            "date_of_insertion_unix": 1711544762
          }
        ],
        "last_value": {
          "date_unix": 1711065600,
          "rna_normalized": 40,
          "date_of_insertion_unix": 1711544762
        }
      }
    ]
  },
  "static_values": {
    "population_count": 42277,
    "population_count_connected_to_rwzis": 42273
  }
}