{
  "name": "GM0439",
  "code": "GM0439",
  "proto_name": "GM0439",
  "last_generated": "1711723918",
  "difference": {
    "sewer__average": {
      "new_date_unix": 1710720000,
      "old_date_unix": 1710115200,
      "old_value": 113,
      "difference": -98
    }
  },
  "sewer": {
    "values": [
      {
        "date_start_unix": 1688342400,
        "date_end_unix": 1688860800,
        "average": 34,
        "data_is_outdated": true,
        "date_of_insertion_unix": 1711544758
      },
      {
        "date_start_unix": 1635724800,
        "date_end_unix": 1636243200,
        "average": 253,
        "data_is_outdated": true,
        "date_of_insertion_unix": 1711544758
      },
      {
        "date_start_unix": 1697414400,
        "date_end_unix": 1697932800,
        "average": 707,
        "data_is_outdated": true,
        "date_of_insertion_unix": 1711544758
      },
      {
        "date_start_unix": 1648425600,
        "date_end_unix": 1648944000,
        "average": 667,
        "data_is_outdated": true,
        "date_of_insertion_unix": 1711544758
      },
      {
        "date_start_unix": 1678665600,
        "date_end_unix": 1679184000,
        "average": 1803,
        "data_is_outdated": true,
        "date_of_insertion_unix": 1711544758
      },
      {
        "date_start_unix": 1613347200,
        "date_end_unix": 1613865600,
        "average": 574,
        "data_is_outdated": true,
        "date_of_insertion_unix": 1711544758
      },
      {
        "date_start_unix": 1623628800,
        "date_end_unix": 1624147200,
        "average": 30,
        "data_is_outdated": true,
        "date_of_insertion_unix": 1711544758
      },
      {
        "date_start_unix": 1630281600,
        "date_end_unix": 1630800000,
        "average": 86,
        "data_is_outdated": true,
        "date_of_insertion_unix": 1711544758
      },
      {
        "date_start_unix": 1702252800,
        "date_end_unix": 1702771200,
        "average": 4829,
        "data_is_outdated": true,
        "date_of_insertion_unix": 1711544758
      },
      {
        "date_start_unix": 1649030400,
        "date_end_unix": 1649548800,
        "average": 616,
        "data_is_outdated": true,
        "date_of_insertion_unix": 1711544758
      },
      {
        "date_start_unix": 1669593600,
        "date_end_unix": 1670112000,
        "average": 637,
        "data_is_outdated": true,
        "date_of_insertion_unix": 1711544758
      },
      {
        "date_start_unix": 1600041600,
        "date_end_unix": 1600560000,
        "average": 92,
        "data_is_outdated": true,
        "date_of_insertion_unix": 1711544758
      },
      {
        "date_start_unix": 1609113600,
        "date_end_unix": 1609632000,
        "average": 224,
        "data_is_outdated": true,
        "date_of_insertion_unix": 1711544758
      },
      {
        "date_start_unix": 1706486400,
        "date_end_unix": 1707004800,
        "average": 378,
        "data_is_outdated": true,
        "date_of_insertion_unix": 1711544758
      },
      {
        "date_start_unix": 1684713600,
        "date_end_unix": 1685232000,
        "average": 108,
        "data_is_outdated": true,
        "date_of_insertion_unix": 1711544758
      },
      {
        "date_start_unix": 1630886400,
        "date_end_unix": 1631404800,
        "average": 64,
        "data_is_outdated": true,
        "date_of_insertion_unix": 1711544758
      },
      {
        "date_start_unix": 1609718400,
        "date_end_unix": 1610236800,
        "average": 290,
        "data_is_outdated": true,
        "date_of_insertion_unix": 1711544758
      },
      {
        "date_start_unix": 1685318400,
        "date_end_unix": 1685836800,
        "average": 151,
        "data_is_outdated": true,
        "date_of_insertion_unix": 1711544758
      },
      {
        "date_start_unix": 1618790400,
        "date_end_unix": 1619308800,
        "average": 130,
        "data_is_outdated": true,
        "date_of_insertion_unix": 1711544758
      },
      {
        "date_start_unix": 1654473600,
        "date_end_unix": 1654992000,
        "average": 628,
        "data_is_outdated": true,
        "date_of_insertion_unix": 1711544758
      },
      {
        "date_start_unix": 1645401600,
        "date_end_unix": 1645920000,
        "average": 378,
        "data_is_outdated": true,
        "date_of_insertion_unix": 1711544758
      },
      {
        "date_start_unix": 1662336000,
        "date_end_unix": 1662854400,
        "average": 654,
        "data_is_outdated": true,
        "date_of_insertion_unix": 1711544758
      },
      {
        "date_start_unix": 1661126400,
        "date_end_unix": 1661644800,
        "average": 300,
        "data_is_outdated": true,
        "date_of_insertion_unix": 1711544758
      },
      {
        "date_start_unix": 1642982400,
        "date_end_unix": 1643500800,
        "average": 862,
        "data_is_outdated": true,
        "date_of_insertion_unix": 1711544758
      },
      {
        "date_start_unix": 1661731200,
        "date_end_unix": 1662249600,
        "average": 448,
        "data_is_outdated": true,
        "date_of_insertion_unix": 1711544758
      },
      {
        "date_start_unix": 1646006400,
        "date_end_unix": 1646524800,
        "average": 928,
        "data_is_outdated": true,
        "date_of_insertion_unix": 1711544758
      },
      {
        "date_start_unix": 1670198400,
        "date_end_unix": 1670716800,
        "average": 698,
        "data_is_outdated": true,
        "date_of_insertion_unix": 1711544758
      },
      {
        "date_start_unix": 1707696000,
        "date_end_unix": 1708214400,
        "average": 227,
        "data_is_outdated": true,
        "date_of_insertion_unix": 1711544758
      },
      {
        "date_start_unix": 1629676800,
        "date_end_unix": 1630195200,
        "average": 273,
        "data_is_outdated": true,
        "date_of_insertion_unix": 1711544758
      },
      {
        "date_start_unix": 1668988800,
        "date_end_unix": 1669507200,
        "average": 417,
        "data_is_outdated": true,
        "date_of_insertion_unix": 1711544758
      },
      {
        "date_start_unix": 1636329600,
        "date_end_unix": 1636848000,
        "average": 578,
        "data_is_outdated": true,
        "date_of_insertion_unix": 1711544758
      },
      {
        "date_start_unix": 1701648000,
        "date_end_unix": 1702166400,
        "average": 4070,
        "data_is_outdated": true,
        "date_of_insertion_unix": 1711544758
      },
      {
        "date_start_unix": 1696809600,
        "date_end_unix": 1697328000,
        "average": 350,
        "data_is_outdated": true,
        "date_of_insertion_unix": 1711544758
      },
      {
        "date_start_unix": 1678060800,
        "date_end_unix": 1678579200,
        "average": 1201,
        "data_is_outdated": true,
        "date_of_insertion_unix": 1711544758
      },
      {
        "date_start_unix": 1705881600,
        "date_end_unix": 1706400000,
        "average": 916,
        "data_is_outdated": true,
        "date_of_insertion_unix": 1711544758
      },
      {
        "date_start_unix": 1610928000,
        "date_end_unix": 1611446400,
        "average": 290,
        "data_is_outdated": true,
        "date_of_insertion_unix": 1711544758
      },
      {
        "date_start_unix": 1683504000,
        "date_end_unix": 1684022400,
        "average": 363,
        "data_is_outdated": true,
        "date_of_insertion_unix": 1711544758
      },
      {
        "date_start_unix": 1650240000,
        "date_end_unix": 1650758400,
        "average": 303,
        "data_is_outdated": true,
        "date_of_insertion_unix": 1711544758
      },
      {
        "date_start_unix": 1638144000,
        "date_end_unix": 1638662400,
        "average": 270,
        "data_is_outdated": true,
        "date_of_insertion_unix": 1711544758
      },
      {
        "date_start_unix": 1687737600,
        "date_end_unix": 1688256000,
        "average": 85,
        "data_is_outdated": true,
        "date_of_insertion_unix": 1711544758
      },
      {
        "date_start_unix": 1647820800,
        "date_end_unix": 1648339200,
        "average": 1076,
        "data_is_outdated": true,
        "date_of_insertion_unix": 1711544758
      },
      {
        "date_start_unix": 1658707200,
        "date_end_unix": 1659225600,
        "average": 600,
        "data_is_outdated": true,
        "date_of_insertion_unix": 1711544758
      },
      {
        "date_start_unix": 1667174400,
        "date_end_unix": 1667692800,
        "average": 448,
        "data_is_outdated": true,
        "date_of_insertion_unix": 1711544758
      },
      {
        "date_start_unix": 1601251200,
        "date_end_unix": 1601769600,
        "average": 723,
        "data_is_outdated": true,
        "date_of_insertion_unix": 1711544758
      },
      {
        "date_start_unix": 1620000000,
        "date_end_unix": 1620518400,
        "average": 213,
        "data_is_outdated": true,
        "date_of_insertion_unix": 1711544758
      },
      {
        "date_start_unix": 1627257600,
        "date_end_unix": 1627776000,
        "average": 157,
        "data_is_outdated": true,
        "date_of_insertion_unix": 1711544758
      },
      {
        "date_start_unix": 1664150400,
        "date_end_unix": 1664668800,
        "average": 809,
        "data_is_outdated": true,
        "date_of_insertion_unix": 1711544758
      },
      {
        "date_start_unix": 1600646400,
        "date_end_unix": 1601164800,
        "average": 171,
        "data_is_outdated": true,
        "date_of_insertion_unix": 1711544758
      },
      {
        "date_start_unix": 1689552000,
        "date_end_unix": 1690070400,
        "average": 81,
        "data_is_outdated": true,
        "date_of_insertion_unix": 1711544758
      },
      {
        "date_start_unix": 1704067200,
        "date_end_unix": 1704585600,
        "average": 1694,
        "data_is_outdated": true,
        "date_of_insertion_unix": 1711544758
      },
      {
        "date_start_unix": 1646611200,
        "date_end_unix": 1647129600,
        "average": 953,
        "data_is_outdated": true,
        "date_of_insertion_unix": 1711544758
      },
      {
        "date_start_unix": 1617580800,
        "date_end_unix": 1618099200,
        "average": 204,
        "data_is_outdated": true,
        "date_of_insertion_unix": 1711544758
      },
      {
        "date_start_unix": 1694995200,
        "date_end_unix": 1695513600,
        "average": 1137,
        "data_is_outdated": true,
        "date_of_insertion_unix": 1711544758
      },
      {
        "date_start_unix": 1686528000,
        "date_end_unix": 1687046400,
        "average": 71,
        "data_is_outdated": true,
        "date_of_insertion_unix": 1711544758
      },
      {
        "date_start_unix": 1655683200,
        "date_end_unix": 1656201600,
        "average": 789,
        "data_is_outdated": true,
        "date_of_insertion_unix": 1711544758
      },
      {
        "date_start_unix": 1693180800,
        "date_end_unix": 1693699200,
        "average": 600,
        "data_is_outdated": true,
        "date_of_insertion_unix": 1711544758
      },
      {
        "date_start_unix": 1666569600,
        "date_end_unix": 1667088000,
        "average": 603,
        "data_is_outdated": true,
        "date_of_insertion_unix": 1711544758
      },
      {
        "date_start_unix": 1700438400,
        "date_end_unix": 1700956800,
        "average": 2486,
        "data_is_outdated": true,
        "date_of_insertion_unix": 1711544758
      },
      {
        "date_start_unix": 1699228800,
        "date_end_unix": 1699747200,
        "average": 966,
        "data_is_outdated": true,
        "date_of_insertion_unix": 1711544758
      },
      {
        "date_start_unix": 1624838400,
        "date_end_unix": 1625356800,
        "average": 25,
        "data_is_outdated": true,
        "date_of_insertion_unix": 1711544758
      },
      {
        "date_start_unix": 1633910400,
        "date_end_unix": 1634428800,
        "average": 43,
        "data_is_outdated": true,
        "date_of_insertion_unix": 1711544758
      },
      {
        "date_start_unix": 1658102400,
        "date_end_unix": 1658620800,
        "average": 1036,
        "data_is_outdated": true,
        "date_of_insertion_unix": 1711544758
      },
      {
        "date_start_unix": 1682899200,
        "date_end_unix": 1683417600,
        "average": 1111,
        "data_is_outdated": true,
        "date_of_insertion_unix": 1711544758
      },
      {
        "date_start_unix": 1638748800,
        "date_end_unix": 1639267200,
        "average": 480,
        "data_is_outdated": true,
        "date_of_insertion_unix": 1711544758
      },
      {
        "date_start_unix": 1664755200,
        "date_end_unix": 1665273600,
        "average": 1443,
        "data_is_outdated": true,
        "date_of_insertion_unix": 1711544758
      },
      {
        "date_start_unix": 1607904000,
        "date_end_unix": 1608422400,
        "average": 279,
        "data_is_outdated": true,
        "date_of_insertion_unix": 1711544758
      },
      {
        "date_start_unix": 1611532800,
        "date_end_unix": 1612051200,
        "average": 418,
        "data_is_outdated": true,
        "date_of_insertion_unix": 1711544758
      },
      {
        "date_start_unix": 1626652800,
        "date_end_unix": 1627171200,
        "average": 319,
        "data_is_outdated": true,
        "date_of_insertion_unix": 1711544758
      },
      {
        "date_start_unix": 1615161600,
        "date_end_unix": 1615680000,
        "average": 575,
        "data_is_outdated": true,
        "date_of_insertion_unix": 1711544758
      },
      {
        "date_start_unix": 1674432000,
        "date_end_unix": 1674950400,
        "average": 377,
        "data_is_outdated": true,
        "date_of_insertion_unix": 1711544758
      },
      {
        "date_start_unix": 1707091200,
        "date_end_unix": 1707609600,
        "average": 649,
        "data_is_outdated": true,
        "date_of_insertion_unix": 1711544758
      },
      {
        "date_start_unix": 1710720000,
        "date_end_unix": 1711238400,
        "average": 15,
        "data_is_outdated": false,
        "date_of_insertion_unix": 1711544758
      },
      {
        "date_start_unix": 1644192000,
        "date_end_unix": 1644710400,
        "average": 751,
        "data_is_outdated": true,
        "date_of_insertion_unix": 1711544758
      },
      {
        "date_start_unix": 1650844800,
        "date_end_unix": 1651363200,
        "average": 188,
        "data_is_outdated": true,
        "date_of_insertion_unix": 1711544758
      },
      {
        "date_start_unix": 1665964800,
        "date_end_unix": 1666483200,
        "average": 730,
        "data_is_outdated": true,
        "date_of_insertion_unix": 1711544758
      },
      {
        "date_start_unix": 1607299200,
        "date_end_unix": 1607817600,
        "average": 167,
        "data_is_outdated": true,
        "date_of_insertion_unix": 1711544758
      },
      {
        "date_start_unix": 1681689600,
        "date_end_unix": 1682208000,
        "average": 633,
        "data_is_outdated": true,
        "date_of_insertion_unix": 1711544758
      },
      {
        "date_start_unix": 1694390400,
        "date_end_unix": 1694908800,
        "average": 1136,
        "data_is_outdated": true,
        "date_of_insertion_unix": 1711544758
      },
      {
        "date_start_unix": 1657497600,
        "date_end_unix": 1658016000,
        "average": 1209,
        "data_is_outdated": true,
        "date_of_insertion_unix": 1711544758
      },
      {
        "date_start_unix": 1643587200,
        "date_end_unix": 1644105600,
        "average": 660,
        "data_is_outdated": true,
        "date_of_insertion_unix": 1711544758
      },
      {
        "date_start_unix": 1704672000,
        "date_end_unix": 1705190400,
        "average": 909,
        "data_is_outdated": true,
        "date_of_insertion_unix": 1711544758
      },
      {
        "date_start_unix": 1620604800,
        "date_end_unix": 1621123200,
        "average": 30,
        "data_is_outdated": true,
        "date_of_insertion_unix": 1711544758
      },
      {
        "date_start_unix": 1639353600,
        "date_end_unix": 1639872000,
        "average": 361,
        "data_is_outdated": true,
        "date_of_insertion_unix": 1711544758
      },
      {
        "date_start_unix": 1653264000,
        "date_end_unix": 1653782400,
        "average": 138,
        "data_is_outdated": true,
        "date_of_insertion_unix": 1711544758
      },
      {
        "date_start_unix": 1647216000,
        "date_end_unix": 1647734400,
        "average": 1137,
        "data_is_outdated": true,
        "date_of_insertion_unix": 1711544758
      },
      {
        "date_start_unix": 1626048000,
        "date_end_unix": 1626566400,
        "average": 156,
        "data_is_outdated": true,
        "date_of_insertion_unix": 1711544758
      },
      {
        "date_start_unix": 1616976000,
        "date_end_unix": 1617494400,
        "average": 341,
        "data_is_outdated": true,
        "date_of_insertion_unix": 1711544758
      },
      {
        "date_start_unix": 1642377600,
        "date_end_unix": 1642896000,
        "average": 274,
        "data_is_outdated": true,
        "date_of_insertion_unix": 1711544758
      },
      {
        "date_start_unix": 1682294400,
        "date_end_unix": 1682812800,
        "average": 610,
        "data_is_outdated": true,
        "date_of_insertion_unix": 1711544758
      },
      {
        "date_start_unix": 1687132800,
        "date_end_unix": 1687651200,
        "average": 44,
        "data_is_outdated": true,
        "date_of_insertion_unix": 1711544758
      },
      {
        "date_start_unix": 1603670400,
        "date_end_unix": 1604188800,
        "average": 362,
        "data_is_outdated": true,
        "date_of_insertion_unix": 1711544758
      },
      {
        "date_start_unix": 1656892800,
        "date_end_unix": 1657411200,
        "average": 726,
        "data_is_outdated": true,
        "date_of_insertion_unix": 1711544758
      },
      {
        "date_start_unix": 1679875200,
        "date_end_unix": 1680393600,
        "average": 445,
        "data_is_outdated": true,
        "date_of_insertion_unix": 1711544758
      },
      {
        "date_start_unix": 1613952000,
        "date_end_unix": 1614470400,
        "average": 522,
        "data_is_outdated": true,
        "date_of_insertion_unix": 1711544758
      },
      {
        "date_start_unix": 1675641600,
        "date_end_unix": 1676160000,
        "average": 694,
        "data_is_outdated": true,
        "date_of_insertion_unix": 1711544758
      },
      {
        "date_start_unix": 1612137600,
        "date_end_unix": 1612656000,
        "average": 399,
        "data_is_outdated": true,
        "date_of_insertion_unix": 1711544758
      },
      {
        "date_start_unix": 1665360000,
        "date_end_unix": 1665878400,
        "average": 1659,
        "data_is_outdated": true,
        "date_of_insertion_unix": 1711544758
      },
      {
        "date_start_unix": 1601856000,
        "date_end_unix": 1602374400,
        "average": 470,
        "data_is_outdated": true,
        "date_of_insertion_unix": 1711544758
      },
      {
        "date_start_unix": 1651449600,
        "date_end_unix": 1651968000,
        "average": 221,
        "data_is_outdated": true,
        "date_of_insertion_unix": 1711544758
      },
      {
        "date_start_unix": 1691366400,
        "date_end_unix": 1691884800,
        "average": 222,
        "data_is_outdated": true,
        "date_of_insertion_unix": 1711544758
      },
      {
        "date_start_unix": 1699833600,
        "date_end_unix": 1700352000,
        "average": 1162,
        "data_is_outdated": true,
        "date_of_insertion_unix": 1711544758
      },
      {
        "date_start_unix": 1676246400,
        "date_end_unix": 1676764800,
        "average": 500,
        "data_is_outdated": true,
        "date_of_insertion_unix": 1711544758
      },
      {
        "date_start_unix": 1693785600,
        "date_end_unix": 1694304000,
        "average": 434,
        "data_is_outdated": true,
        "date_of_insertion_unix": 1711544758
      },
      {
        "date_start_unix": 1656288000,
        "date_end_unix": 1656806400,
        "average": 1224,
        "data_is_outdated": true,
        "date_of_insertion_unix": 1711544758
      },
      {
        "date_start_unix": 1690156800,
        "date_end_unix": 1690675200,
        "average": 68,
        "data_is_outdated": true,
        "date_of_insertion_unix": 1711544758
      },
      {
        "date_start_unix": 1625443200,
        "date_end_unix": 1625961600,
        "average": 178,
        "data_is_outdated": true,
        "date_of_insertion_unix": 1711544758
      },
      {
        "date_start_unix": 1708300800,
        "date_end_unix": 1708819200,
        "average": 67,
        "data_is_outdated": true,
        "date_of_insertion_unix": 1711544758
      },
      {
        "date_start_unix": 1705276800,
        "date_end_unix": 1705795200,
        "average": 883,
        "data_is_outdated": true,
        "date_of_insertion_unix": 1711544758
      },
      {
        "date_start_unix": 1639958400,
        "date_end_unix": 1640476800,
        "average": 408,
        "data_is_outdated": true,
        "date_of_insertion_unix": 1711544758
      },
      {
        "date_start_unix": 1662940800,
        "date_end_unix": 1663459200,
        "average": 742,
        "data_is_outdated": true,
        "date_of_insertion_unix": 1711544758
      },
      {
        "date_start_unix": 1653868800,
        "date_end_unix": 1654387200,
        "average": 592,
        "data_is_outdated": true,
        "date_of_insertion_unix": 1711544758
      },
      {
        "date_start_unix": 1710115200,
        "date_end_unix": 1710633600,
        "average": 113,
        "data_is_outdated": false,
        "date_of_insertion_unix": 1711544758
      },
      {
        "date_start_unix": 1615766400,
        "date_end_unix": 1616284800,
        "average": 120,
        "data_is_outdated": true,
        "date_of_insertion_unix": 1711544758
      },
      {
        "date_start_unix": 1702857600,
        "date_end_unix": 1703376000,
        "average": 6632,
        "data_is_outdated": true,
        "date_of_insertion_unix": 1711544758
      },
      {
        "date_start_unix": 1610323200,
        "date_end_unix": 1610841600,
        "average": 347,
        "data_is_outdated": true,
        "date_of_insertion_unix": 1711544758
      },
      {
        "date_start_unix": 1618185600,
        "date_end_unix": 1618704000,
        "average": 152,
        "data_is_outdated": true,
        "date_of_insertion_unix": 1711544758
      },
      {
        "date_start_unix": 1684108800,
        "date_end_unix": 1684627200,
        "average": 109,
        "data_is_outdated": true,
        "date_of_insertion_unix": 1711544758
      },
      {
        "date_start_unix": 1680480000,
        "date_end_unix": 1680998400,
        "average": 601,
        "data_is_outdated": true,
        "date_of_insertion_unix": 1711544758
      },
      {
        "date_start_unix": 1619395200,
        "date_end_unix": 1619913600,
        "average": 336,
        "data_is_outdated": true,
        "date_of_insertion_unix": 1711544758
      },
      {
        "date_start_unix": 1688947200,
        "date_end_unix": 1689465600,
        "average": 136,
        "data_is_outdated": true,
        "date_of_insertion_unix": 1711544758
      },
      {
        "date_start_unix": 1696204800,
        "date_end_unix": 1696723200,
        "average": 510,
        "data_is_outdated": true,
        "date_of_insertion_unix": 1711544758
      },
      {
        "date_start_unix": 1649635200,
        "date_end_unix": 1650153600,
        "average": 519,
        "data_is_outdated": true,
        "date_of_insertion_unix": 1711544758
      },
      {
        "date_start_unix": 1655078400,
        "date_end_unix": 1655596800,
        "average": 813,
        "data_is_outdated": true,
        "date_of_insertion_unix": 1711544758
      },
      {
        "date_start_unix": 1685923200,
        "date_end_unix": 1686441600,
        "average": 81,
        "data_is_outdated": true,
        "date_of_insertion_unix": 1711544758
      },
      {
        "date_start_unix": 1690761600,
        "date_end_unix": 1691280000,
        "average": 116,
        "data_is_outdated": true,
        "date_of_insertion_unix": 1711544758
      },
      {
        "date_start_unix": 1652659200,
        "date_end_unix": 1653177600,
        "average": 249,
        "data_is_outdated": true,
        "date_of_insertion_unix": 1711544758
      },
      {
        "date_start_unix": 1636934400,
        "date_end_unix": 1637452800,
        "average": 514,
        "data_is_outdated": true,
        "date_of_insertion_unix": 1711544758
      },
      {
        "date_start_unix": 1701043200,
        "date_end_unix": 1701561600,
        "average": 3071,
        "data_is_outdated": true,
        "date_of_insertion_unix": 1711544758
      },
      {
        "date_start_unix": 1660521600,
        "date_end_unix": 1661040000,
        "average": 392,
        "data_is_outdated": true,
        "date_of_insertion_unix": 1711544758
      },
      {
        "date_start_unix": 1628467200,
        "date_end_unix": 1628985600,
        "average": 129,
        "data_is_outdated": true,
        "date_of_insertion_unix": 1711544758
      },
      {
        "date_start_unix": 1652054400,
        "date_end_unix": 1652572800,
        "average": 135,
        "data_is_outdated": true,
        "date_of_insertion_unix": 1711544758
      },
      {
        "date_start_unix": 1659916800,
        "date_end_unix": 1660435200,
        "average": 662,
        "data_is_outdated": true,
        "date_of_insertion_unix": 1711544758
      },
      {
        "date_start_unix": 1624233600,
        "date_end_unix": 1624752000,
        "average": 15,
        "data_is_outdated": true,
        "date_of_insertion_unix": 1711544758
      },
      {
        "date_start_unix": 1606694400,
        "date_end_unix": 1607212800,
        "average": 71,
        "data_is_outdated": true,
        "date_of_insertion_unix": 1711544758
      },
      {
        "date_start_unix": 1668384000,
        "date_end_unix": 1668902400,
        "average": 992,
        "data_is_outdated": true,
        "date_of_insertion_unix": 1711544758
      },
      {
        "date_start_unix": 1631491200,
        "date_end_unix": 1632009600,
        "average": 24,
        "data_is_outdated": true,
        "date_of_insertion_unix": 1711544758
      },
      {
        "date_start_unix": 1641168000,
        "date_end_unix": 1641686400,
        "average": 343,
        "data_is_outdated": true,
        "date_of_insertion_unix": 1711544758
      },
      {
        "date_start_unix": 1667779200,
        "date_end_unix": 1668297600,
        "average": 130,
        "data_is_outdated": true,
        "date_of_insertion_unix": 1711544758
      },
      {
        "date_start_unix": 1695600000,
        "date_end_unix": 1696118400,
        "average": 921,
        "data_is_outdated": true,
        "date_of_insertion_unix": 1711544758
      },
      {
        "date_start_unix": 1698624000,
        "date_end_unix": 1699142400,
        "average": 870,
        "data_is_outdated": true,
        "date_of_insertion_unix": 1711544758
      },
      {
        "date_start_unix": 1627862400,
        "date_end_unix": 1628380800,
        "average": 191,
        "data_is_outdated": true,
        "date_of_insertion_unix": 1711544758
      },
      {
        "date_start_unix": 1605484800,
        "date_end_unix": 1606003200,
        "average": 206,
        "data_is_outdated": true,
        "date_of_insertion_unix": 1711544758
      },
      {
        "date_start_unix": 1670803200,
        "date_end_unix": 1671321600,
        "average": 1138,
        "data_is_outdated": true,
        "date_of_insertion_unix": 1711544758
      },
      {
        "date_start_unix": 1691971200,
        "date_end_unix": 1692489600,
        "average": 247,
        "data_is_outdated": true,
        "date_of_insertion_unix": 1711544758
      },
      {
        "date_start_unix": 1703462400,
        "date_end_unix": 1703980800,
        "average": 3732,
        "data_is_outdated": true,
        "date_of_insertion_unix": 1711544758
      },
      {
        "date_start_unix": 1659312000,
        "date_end_unix": 1659830400,
        "average": 443,
        "data_is_outdated": true,
        "date_of_insertion_unix": 1711544758
      },
      {
        "date_start_unix": 1641772800,
        "date_end_unix": 1642291200,
        "average": 411,
        "data_is_outdated": true,
        "date_of_insertion_unix": 1711544758
      },
      {
        "date_start_unix": 1692576000,
        "date_end_unix": 1693094400,
        "average": 515,
        "data_is_outdated": true,
        "date_of_insertion_unix": 1711544758
      },
      {
        "date_start_unix": 1663545600,
        "date_end_unix": 1664064000,
        "average": 540,
        "data_is_outdated": true,
        "date_of_insertion_unix": 1711544758
      },
      {
        "date_start_unix": 1698019200,
        "date_end_unix": 1698537600,
        "average": 1964,
        "data_is_outdated": true,
        "date_of_insertion_unix": 1711544758
      },
      {
        "date_start_unix": 1681084800,
        "date_end_unix": 1681603200,
        "average": 503,
        "data_is_outdated": true,
        "date_of_insertion_unix": 1711544758
      },
      {
        "date_start_unix": 1644796800,
        "date_end_unix": 1645315200,
        "average": 659,
        "data_is_outdated": true,
        "date_of_insertion_unix": 1711544758
      },
      {
        "date_start_unix": 1614556800,
        "date_end_unix": 1615075200,
        "average": 327,
        "data_is_outdated": true,
        "date_of_insertion_unix": 1711544758
      },
      {
        "date_start_unix": 1604880000,
        "date_end_unix": 1605398400,
        "average": 364,
        "data_is_outdated": true,
        "date_of_insertion_unix": 1711544758
      },
      {
        "date_start_unix": 1629072000,
        "date_end_unix": 1629590400,
        "average": 169,
        "data_is_outdated": true,
        "date_of_insertion_unix": 1711544758
      },
      {
        "date_start_unix": 1677456000,
        "date_end_unix": 1677974400,
        "average": 1111,
        "data_is_outdated": true,
        "date_of_insertion_unix": 1711544758
      },
      {
        "date_start_unix": 1637539200,
        "date_end_unix": 1638057600,
        "average": 493,
        "data_is_outdated": true,
        "date_of_insertion_unix": 1711544758
      }
    ],
    "last_value": {
      "date_start_unix": 1710720000,
      "date_end_unix": 1711238400,
      "average": 15,
      "data_is_outdated": false,
      "date_of_insertion_unix": 1711544758
    }
  },
  "sewer_installation_measurement": {
    "total_number_of_samples": 1,
    "sampled_installation_count": 1,
    "total_installation_count": 1,
    "date_start_unix": 1710720000,
    "date_end_unix": 1711238400,
    "date_of_insertion_unix": 1711544758
  },
  "sewer_per_installation": {
    "values": [
      {
        "rwzi_awzi_name": "Beemster",
        "values": [
          {
            "date_unix": 1600300800,
            "rna_normalized": 92,
            "date_of_insertion_unix": 1711544762
          },
          {
            "date_unix": 1600819200,
            "rna_normalized": 171,
            "date_of_insertion_unix": 1711544762
          },
          {
            "date_unix": 1601337600,
            "rna_normalized": 723,
            "date_of_insertion_unix": 1711544762
          },
          {
            "date_unix": 1601856000,
            "rna_normalized": 297,
            "date_of_insertion_unix": 1711544762
          },
          {
            "date_unix": 1602374400,
            "rna_normalized": 643,
            "date_of_insertion_unix": 1711544762
          },
          {
            "date_unix": 1603843200,
            "rna_normalized": 362,
            "date_of_insertion_unix": 1711544762
          },
          {
            "date_unix": 1604880000,
            "rna_normalized": 589,
            "date_of_insertion_unix": 1711544762
          },
          {
            "date_unix": 1605052800,
            "rna_normalized": 147,
            "date_of_insertion_unix": 1711544762
          },
          {
            "date_unix": 1605398400,
            "rna_normalized": 356,
            "date_of_insertion_unix": 1711544762
          },
          {
            "date_unix": 1606003200,
            "rna_normalized": 206,
            "date_of_insertion_unix": 1711544762
          },
          {
            "date_unix": 1606867200,
            "rna_normalized": 71,
            "date_of_insertion_unix": 1711544762
          },
          {
            "date_unix": 1607385600,
            "rna_normalized": 167,
            "date_of_insertion_unix": 1711544762
          },
          {
            "date_unix": 1607904000,
            "rna_normalized": 282,
            "date_of_insertion_unix": 1711544762
          },
          {
            "date_unix": 1608422400,
            "rna_normalized": 276,
            "date_of_insertion_unix": 1711544762
          },
          {
            "date_unix": 1609200000,
            "rna_normalized": 224,
            "date_of_insertion_unix": 1711544762
          },
          {
            "date_unix": 1609718400,
            "rna_normalized": 342,
            "date_of_insertion_unix": 1711544762
          },
          {
            "date_unix": 1610236800,
            "rna_normalized": 238,
            "date_of_insertion_unix": 1711544762
          },
          {
            "date_unix": 1610582400,
            "rna_normalized": 352,
            "date_of_insertion_unix": 1711544762
          },
          {
            "date_unix": 1610841600,
            "rna_normalized": 343,
            "date_of_insertion_unix": 1711544762
          },
          {
            "date_unix": 1611187200,
            "rna_normalized": 160,
            "date_of_insertion_unix": 1711544762
          },
          {
            "date_unix": 1611446400,
            "rna_normalized": 419,
            "date_of_insertion_unix": 1711544762
          },
          {
            "date_unix": 1611619200,
            "rna_normalized": 418,
            "date_of_insertion_unix": 1711544762
          },
          {
            "date_unix": 1612137600,
            "rna_normalized": 529,
            "date_of_insertion_unix": 1711544762
          },
          {
            "date_unix": 1612396800,
            "rna_normalized": 270,
            "date_of_insertion_unix": 1711544762
          },
          {
            "date_unix": 1613347200,
            "rna_normalized": 282,
            "date_of_insertion_unix": 1711544762
          },
          {
            "date_unix": 1613520000,
            "rna_normalized": 728,
            "date_of_insertion_unix": 1711544762
          },
          {
            "date_unix": 1613865600,
            "rna_normalized": 712,
            "date_of_insertion_unix": 1711544762
          },
          {
            "date_unix": 1614038400,
            "rna_normalized": 522,
            "date_of_insertion_unix": 1711544762
          },
          {
            "date_unix": 1614556800,
            "rna_normalized": 272,
            "date_of_insertion_unix": 1711544762
          },
          {
            "date_unix": 1614816000,
            "rna_normalized": 188,
            "date_of_insertion_unix": 1711544762
          },
          {
            "date_unix": 1615075200,
            "rna_normalized": 522,
            "date_of_insertion_unix": 1711544762
          },
          {
            "date_unix": 1615420800,
            "rna_normalized": 575,
            "date_of_insertion_unix": 1711544762
          },
          {
            "date_unix": 1615766400,
            "rna_normalized": 27,
            "date_of_insertion_unix": 1711544762
          },
          {
            "date_unix": 1616284800,
            "rna_normalized": 213,
            "date_of_insertion_unix": 1711544762
          },
          {
            "date_unix": 1616976000,
            "rna_normalized": 515,
            "date_of_insertion_unix": 1711544762
          },
          {
            "date_unix": 1617235200,
            "rna_normalized": 166,
            "date_of_insertion_unix": 1711544762
          },
          {
            "date_unix": 1617580800,
            "rna_normalized": 268,
            "date_of_insertion_unix": 1711544762
          },
          {
            "date_unix": 1617840000,
            "rna_normalized": 139,
            "date_of_insertion_unix": 1711544762
          },
          {
            "date_unix": 1618358400,
            "rna_normalized": 175,
            "date_of_insertion_unix": 1711544762
          },
          {
            "date_unix": 1618704000,
            "rna_normalized": 128,
            "date_of_insertion_unix": 1711544762
          },
          {
            "date_unix": 1618876800,
            "rna_normalized": 25,
            "date_of_insertion_unix": 1711544762
          },
          {
            "date_unix": 1619308800,
            "rna_normalized": 235,
            "date_of_insertion_unix": 1711544762
          },
          {
            "date_unix": 1619654400,
            "rna_normalized": 336,
            "date_of_insertion_unix": 1711544762
          },
          {
            "date_unix": 1620259200,
            "rna_normalized": 213,
            "date_of_insertion_unix": 1711544762
          },
          {
            "date_unix": 1621123200,
            "rna_normalized": 30,
            "date_of_insertion_unix": 1711544762
          },
          {
            "date_unix": 1623715200,
            "rna_normalized": 30,
            "date_of_insertion_unix": 1711544762
          },
          {
            "date_unix": 1624320000,
            "rna_normalized": 15,
            "date_of_insertion_unix": 1711544762
          },
          {
            "date_unix": 1624838400,
            "rna_normalized": 25,
            "date_of_insertion_unix": 1711544762
          },
          {
            "date_unix": 1625529600,
            "rna_normalized": 178,
            "date_of_insertion_unix": 1711544762
          },
          {
            "date_unix": 1626566400,
            "rna_normalized": 156,
            "date_of_insertion_unix": 1711544762
          },
          {
            "date_unix": 1626912000,
            "rna_normalized": 210,
            "date_of_insertion_unix": 1711544762
          },
          {
            "date_unix": 1627171200,
            "rna_normalized": 428,
            "date_of_insertion_unix": 1711544762
          },
          {
            "date_unix": 1627257600,
            "rna_normalized": 129,
            "date_of_insertion_unix": 1711544762
          },
          {
            "date_unix": 1627430400,
            "rna_normalized": 184,
            "date_of_insertion_unix": 1711544762
          },
          {
            "date_unix": 1627948800,
            "rna_normalized": 287,
            "date_of_insertion_unix": 1711544762
          },
          {
            "date_unix": 1628380800,
            "rna_normalized": 96,
            "date_of_insertion_unix": 1711544762
          },
          {
            "date_unix": 1628467200,
            "rna_normalized": 143,
            "date_of_insertion_unix": 1711544762
          },
          {
            "date_unix": 1628985600,
            "rna_normalized": 116,
            "date_of_insertion_unix": 1711544762
          },
          {
            "date_unix": 1629331200,
            "rna_normalized": 150,
            "date_of_insertion_unix": 1711544762
          },
          {
            "date_unix": 1629590400,
            "rna_normalized": 189,
            "date_of_insertion_unix": 1711544762
          },
          {
            "date_unix": 1629849600,
            "rna_normalized": 273,
            "date_of_insertion_unix": 1711544762
          },
          {
            "date_unix": 1630800000,
            "rna_normalized": 86,
            "date_of_insertion_unix": 1711544762
          },
          {
            "date_unix": 1630972800,
            "rna_normalized": 124,
            "date_of_insertion_unix": 1711544762
          },
          {
            "date_unix": 1631145600,
            "rna_normalized": 39,
            "date_of_insertion_unix": 1711544762
          },
          {
            "date_unix": 1631404800,
            "rna_normalized": 30,
            "date_of_insertion_unix": 1711544762
          },
          {
            "date_unix": 1632009600,
            "rna_normalized": 24,
            "date_of_insertion_unix": 1711544762
          },
          {
            "date_unix": 1634169600,
            "rna_normalized": 43,
            "date_of_insertion_unix": 1711544762
          },
          {
            "date_unix": 1636243200,
            "rna_normalized": 334,
            "date_of_insertion_unix": 1711544762
          },
          {
            "date_unix": 1636156800,
            "rna_normalized": 172,
            "date_of_insertion_unix": 1711544762
          },
          {
            "date_unix": 1636416000,
            "rna_normalized": 712,
            "date_of_insertion_unix": 1711544762
          },
          {
            "date_unix": 1636502400,
            "rna_normalized": 444,
            "date_of_insertion_unix": 1711544762
          },
          {
            "date_unix": 1637020800,
            "rna_normalized": 336,
            "date_of_insertion_unix": 1711544762
          },
          {
            "date_unix": 1637107200,
            "rna_normalized": 416,
            "date_of_insertion_unix": 1711544762
          },
          {
            "date_unix": 1637366400,
            "rna_normalized": 791,
            "date_of_insertion_unix": 1711544762
          },
          {
            "date_unix": 1637625600,
            "rna_normalized": 219,
            "date_of_insertion_unix": 1711544762
          },
          {
            "date_unix": 1637712000,
            "rna_normalized": 264,
            "date_of_insertion_unix": 1711544762
          },
          {
            "date_unix": 1637798400,
            "rna_normalized": 903,
            "date_of_insertion_unix": 1711544762
          },
          {
            "date_unix": 1638057600,
            "rna_normalized": 589,
            "date_of_insertion_unix": 1711544762
          },
          {
            "date_unix": 1638230400,
            "rna_normalized": 238,
            "date_of_insertion_unix": 1711544762
          },
          {
            "date_unix": 1638316800,
            "rna_normalized": 157,
            "date_of_insertion_unix": 1711544762
          },
          {
            "date_unix": 1638403200,
            "rna_normalized": 513,
            "date_of_insertion_unix": 1711544762
          },
          {
            "date_unix": 1638576000,
            "rna_normalized": 174,
            "date_of_insertion_unix": 1711544762
          },
          {
            "date_unix": 1638835200,
            "rna_normalized": 542,
            "date_of_insertion_unix": 1711544762
          },
          {
            "date_unix": 1639008000,
            "rna_normalized": 305,
            "date_of_insertion_unix": 1711544762
          },
          {
            "date_unix": 1639180800,
            "rna_normalized": 456,
            "date_of_insertion_unix": 1711544762
          },
          {
            "date_unix": 1639267200,
            "rna_normalized": 618,
            "date_of_insertion_unix": 1711544762
          },
          {
            "date_unix": 1639440000,
            "rna_normalized": 382,
            "date_of_insertion_unix": 1711544762
          },
          {
            "date_unix": 1639526400,
            "rna_normalized": 247,
            "date_of_insertion_unix": 1711544762
          },
          {
            "date_unix": 1639612800,
            "rna_normalized": 393,
            "date_of_insertion_unix": 1711544762
          },
          {
            "date_unix": 1639785600,
            "rna_normalized": 422,
            "date_of_insertion_unix": 1711544762
          },
          {
            "date_unix": 1640044800,
            "rna_normalized": 270,
            "date_of_insertion_unix": 1711544762
          },
          {
            "date_unix": 1640131200,
            "rna_normalized": 496,
            "date_of_insertion_unix": 1711544762
          },
          {
            "date_unix": 1640390400,
            "rna_normalized": 502,
            "date_of_insertion_unix": 1711544762
          },
          {
            "date_unix": 1640217600,
            "rna_normalized": 365,
            "date_of_insertion_unix": 1711544762
          },
          {
            "date_unix": 1641254400,
            "rna_normalized": 402,
            "date_of_insertion_unix": 1711544762
          },
          {
            "date_unix": 1641340800,
            "rna_normalized": 241,
            "date_of_insertion_unix": 1711544762
          },
          {
            "date_unix": 1641427200,
            "rna_normalized": 304,
            "date_of_insertion_unix": 1711544762
          },
          {
            "date_unix": 1641686400,
            "rna_normalized": 423,
            "date_of_insertion_unix": 1711544762
          },
          {
            "date_unix": 1641859200,
            "rna_normalized": 278,
            "date_of_insertion_unix": 1711544762
          },
          {
            "date_unix": 1642032000,
            "rna_normalized": 555,
            "date_of_insertion_unix": 1711544762
          },
          {
            "date_unix": 1642291200,
            "rna_normalized": 437,
            "date_of_insertion_unix": 1711544762
          },
          {
            "date_unix": 1641945600,
            "rna_normalized": 373,
            "date_of_insertion_unix": 1711544762
          },
          {
            "date_unix": 1642464000,
            "rna_normalized": 274,
            "date_of_insertion_unix": 1711544762
          },
          {
            "date_unix": 1643155200,
            "rna_normalized": 906,
            "date_of_insertion_unix": 1711544762
          },
          {
            "date_unix": 1643241600,
            "rna_normalized": 789,
            "date_of_insertion_unix": 1711544762
          },
          {
            "date_unix": 1643328000,
            "rna_normalized": 1020,
            "date_of_insertion_unix": 1711544762
          },
          {
            "date_unix": 1643500800,
            "rna_normalized": 734,
            "date_of_insertion_unix": 1711544762
          },
          {
            "date_unix": 1644105600,
            "rna_normalized": 660,
            "date_of_insertion_unix": 1711544762
          },
          {
            "date_unix": 1644278400,
            "rna_normalized": 783,
            "date_of_insertion_unix": 1711544762
          },
          {
            "date_unix": 1644364800,
            "rna_normalized": 505,
            "date_of_insertion_unix": 1711544762
          },
          {
            "date_unix": 1644451200,
            "rna_normalized": 1257,
            "date_of_insertion_unix": 1711544762
          },
          {
            "date_unix": 1644624000,
            "rna_normalized": 459,
            "date_of_insertion_unix": 1711544762
          },
          {
            "date_unix": 1644883200,
            "rna_normalized": 506,
            "date_of_insertion_unix": 1711544762
          },
          {
            "date_unix": 1644969600,
            "rna_normalized": 920,
            "date_of_insertion_unix": 1711544762
          },
          {
            "date_unix": 1645056000,
            "rna_normalized": 362,
            "date_of_insertion_unix": 1711544762
          },
          {
            "date_unix": 1645228800,
            "rna_normalized": 849,
            "date_of_insertion_unix": 1711544762
          },
          {
            "date_unix": 1645488000,
            "rna_normalized": 389,
            "date_of_insertion_unix": 1711544762
          },
          {
            "date_unix": 1645574400,
            "rna_normalized": 324,
            "date_of_insertion_unix": 1711544762
          },
          {
            "date_unix": 1645660800,
            "rna_normalized": 514,
            "date_of_insertion_unix": 1711544762
          },
          {
            "date_unix": 1645833600,
            "rna_normalized": 285,
            "date_of_insertion_unix": 1711544762
          },
          {
            "date_unix": 1646092800,
            "rna_normalized": 613,
            "date_of_insertion_unix": 1711544762
          },
          {
            "date_unix": 1646179200,
            "rna_normalized": 431,
            "date_of_insertion_unix": 1711544762
          },
          {
            "date_unix": 1646265600,
            "rna_normalized": 975,
            "date_of_insertion_unix": 1711544762
          },
          {
            "date_unix": 1646438400,
            "rna_normalized": 1692,
            "date_of_insertion_unix": 1711544762
          },
          {
            "date_unix": 1646697600,
            "rna_normalized": 1603,
            "date_of_insertion_unix": 1711544762
          },
          {
            "date_unix": 1646784000,
            "rna_normalized": 593,
            "date_of_insertion_unix": 1711544762
          },
          {
            "date_unix": 1646870400,
            "rna_normalized": 758,
            "date_of_insertion_unix": 1711544762
          },
          {
            "date_unix": 1647043200,
            "rna_normalized": 856,
            "date_of_insertion_unix": 1711544762
          },
          {
            "date_unix": 1647648000,
            "rna_normalized": 1078,
            "date_of_insertion_unix": 1711544762
          },
          {
            "date_unix": 1647734400,
            "rna_normalized": 1195,
            "date_of_insertion_unix": 1711544762
          },
          {
            "date_unix": 1647907200,
            "rna_normalized": 1004,
            "date_of_insertion_unix": 1711544762
          },
          {
            "date_unix": 1647993600,
            "rna_normalized": 1125,
            "date_of_insertion_unix": 1711544762
          },
          {
            "date_unix": 1648080000,
            "rna_normalized": 1294,
            "date_of_insertion_unix": 1711544762
          },
          {
            "date_unix": 1648252800,
            "rna_normalized": 880,
            "date_of_insertion_unix": 1711544762
          },
          {
            "date_unix": 1648512000,
            "rna_normalized": 763,
            "date_of_insertion_unix": 1711544762
          },
          {
            "date_unix": 1648598400,
            "rna_normalized": 724,
            "date_of_insertion_unix": 1711544762
          },
          {
            "date_unix": 1648857600,
            "rna_normalized": 514,
            "date_of_insertion_unix": 1711544762
          },
          {
            "date_unix": 1649116800,
            "rna_normalized": 983,
            "date_of_insertion_unix": 1711544762
          },
          {
            "date_unix": 1649203200,
            "rna_normalized": 557,
            "date_of_insertion_unix": 1711544762
          },
          {
            "date_unix": 1649289600,
            "rna_normalized": 700,
            "date_of_insertion_unix": 1711544762
          },
          {
            "date_unix": 1649462400,
            "rna_normalized": 225,
            "date_of_insertion_unix": 1711544762
          },
          {
            "date_unix": 1649721600,
            "rna_normalized": 555,
            "date_of_insertion_unix": 1711544762
          },
          {
            "date_unix": 1649894400,
            "rna_normalized": 444,
            "date_of_insertion_unix": 1711544762
          },
          {
            "date_unix": 1650153600,
            "rna_normalized": 557,
            "date_of_insertion_unix": 1711544762
          },
          {
            "date_unix": 1650240000,
            "rna_normalized": 381,
            "date_of_insertion_unix": 1711544762
          },
          {
            "date_unix": 1650412800,
            "rna_normalized": 461,
            "date_of_insertion_unix": 1711544762
          },
          {
            "date_unix": 1650499200,
            "rna_normalized": 162,
            "date_of_insertion_unix": 1711544762
          },
          {
            "date_unix": 1650672000,
            "rna_normalized": 208,
            "date_of_insertion_unix": 1711544762
          },
          {
            "date_unix": 1651017600,
            "rna_normalized": 156,
            "date_of_insertion_unix": 1711544762
          },
          {
            "date_unix": 1651104000,
            "rna_normalized": 225,
            "date_of_insertion_unix": 1711544762
          },
          {
            "date_unix": 1651276800,
            "rna_normalized": 191,
            "date_of_insertion_unix": 1711544762
          },
          {
            "date_unix": 1651363200,
            "rna_normalized": 180,
            "date_of_insertion_unix": 1711544762
          },
          {
            "date_unix": 1651536000,
            "rna_normalized": 242,
            "date_of_insertion_unix": 1711544762
          },
          {
            "date_unix": 1651708800,
            "rna_normalized": 242,
            "date_of_insertion_unix": 1711544762
          },
          {
            "date_unix": 1651622400,
            "rna_normalized": 191,
            "date_of_insertion_unix": 1711544762
          },
          {
            "date_unix": 1651881600,
            "rna_normalized": 207,
            "date_of_insertion_unix": 1711544762
          },
          {
            "date_unix": 1652140800,
            "rna_normalized": 97,
            "date_of_insertion_unix": 1711544762
          },
          {
            "date_unix": 1652486400,
            "rna_normalized": 172,
            "date_of_insertion_unix": 1711544762
          },
          {
            "date_unix": 1652832000,
            "rna_normalized": 176,
            "date_of_insertion_unix": 1711544762
          },
          {
            "date_unix": 1652745600,
            "rna_normalized": 181,
            "date_of_insertion_unix": 1711544762
          },
          {
            "date_unix": 1652918400,
            "rna_normalized": 390,
            "date_of_insertion_unix": 1711544762
          },
          {
            "date_unix": 1653350400,
            "rna_normalized": 35,
            "date_of_insertion_unix": 1711544762
          },
          {
            "date_unix": 1653436800,
            "rna_normalized": 141,
            "date_of_insertion_unix": 1711544762
          },
          {
            "date_unix": 1653523200,
            "rna_normalized": 269,
            "date_of_insertion_unix": 1711544762
          },
          {
            "date_unix": 1653696000,
            "rna_normalized": 107,
            "date_of_insertion_unix": 1711544762
          },
          {
            "date_unix": 1653955200,
            "rna_normalized": 330,
            "date_of_insertion_unix": 1711544762
          },
          {
            "date_unix": 1654041600,
            "rna_normalized": 948,
            "date_of_insertion_unix": 1711544762
          },
          {
            "date_unix": 1654128000,
            "rna_normalized": 291,
            "date_of_insertion_unix": 1711544762
          },
          {
            "date_unix": 1654387200,
            "rna_normalized": 800,
            "date_of_insertion_unix": 1711544762
          },
          {
            "date_unix": 1654473600,
            "rna_normalized": 368,
            "date_of_insertion_unix": 1711544762
          },
          {
            "date_unix": 1654646400,
            "rna_normalized": 1057,
            "date_of_insertion_unix": 1711544762
          },
          {
            "date_unix": 1654905600,
            "rna_normalized": 460,
            "date_of_insertion_unix": 1711544762
          },
          {
            "date_unix": 1655164800,
            "rna_normalized": 384,
            "date_of_insertion_unix": 1711544762
          },
          {
            "date_unix": 1655251200,
            "rna_normalized": 871,
            "date_of_insertion_unix": 1711544762
          },
          {
            "date_unix": 1655337600,
            "rna_normalized": 1406,
            "date_of_insertion_unix": 1711544762
          },
          {
            "date_unix": 1655510400,
            "rna_normalized": 590,
            "date_of_insertion_unix": 1711544762
          },
          {
            "date_unix": 1655769600,
            "rna_normalized": 885,
            "date_of_insertion_unix": 1711544762
          },
          {
            "date_unix": 1655856000,
            "rna_normalized": 652,
            "date_of_insertion_unix": 1711544762
          },
          {
            "date_unix": 1655942400,
            "rna_normalized": 709,
            "date_of_insertion_unix": 1711544762
          },
          {
            "date_unix": 1656115200,
            "rna_normalized": 908,
            "date_of_insertion_unix": 1711544762
          },
          {
            "date_unix": 1656374400,
            "rna_normalized": 1039,
            "date_of_insertion_unix": 1711544762
          },
          {
            "date_unix": 1656460800,
            "rna_normalized": 1251,
            "date_of_insertion_unix": 1711544762
          },
          {
            "date_unix": 1656720000,
            "rna_normalized": 1383,
            "date_of_insertion_unix": 1711544762
          },
          {
            "date_unix": 1656979200,
            "rna_normalized": 826,
            "date_of_insertion_unix": 1711544762
          },
          {
            "date_unix": 1657152000,
            "rna_normalized": 743,
            "date_of_insertion_unix": 1711544762
          },
          {
            "date_unix": 1657324800,
            "rna_normalized": 850,
            "date_of_insertion_unix": 1711544762
          },
          {
            "date_unix": 1657411200,
            "rna_normalized": 486,
            "date_of_insertion_unix": 1711544762
          },
          {
            "date_unix": 1657670400,
            "rna_normalized": 1282,
            "date_of_insertion_unix": 1711544762
          },
          {
            "date_unix": 1657756800,
            "rna_normalized": 1190,
            "date_of_insertion_unix": 1711544762
          },
          {
            "date_unix": 1657584000,
            "rna_normalized": 1177,
            "date_of_insertion_unix": 1711544762
          },
          {
            "date_unix": 1657929600,
            "rna_normalized": 1189,
            "date_of_insertion_unix": 1711544762
          },
          {
            "date_unix": 1658188800,
            "rna_normalized": 1206,
            "date_of_insertion_unix": 1711544762
          },
          {
            "date_unix": 1658275200,
            "rna_normalized": 1098,
            "date_of_insertion_unix": 1711544762
          },
          {
            "date_unix": 1658361600,
            "rna_normalized": 1228,
            "date_of_insertion_unix": 1711544762
          },
          {
            "date_unix": 1658534400,
            "rna_normalized": 611,
            "date_of_insertion_unix": 1711544762
          },
          {
            "date_unix": 1658793600,
            "rna_normalized": 704,
            "date_of_insertion_unix": 1711544762
          },
          {
            "date_unix": 1658880000,
            "rna_normalized": 550,
            "date_of_insertion_unix": 1711544762
          },
          {
            "date_unix": 1658966400,
            "rna_normalized": 536,
            "date_of_insertion_unix": 1711544762
          },
          {
            "date_unix": 1659139200,
            "rna_normalized": 611,
            "date_of_insertion_unix": 1711544762
          },
          {
            "date_unix": 1659398400,
            "rna_normalized": 596,
            "date_of_insertion_unix": 1711544762
          },
          {
            "date_unix": 1659484800,
            "rna_normalized": 446,
            "date_of_insertion_unix": 1711544762
          },
          {
            "date_unix": 1659571200,
            "rna_normalized": 346,
            "date_of_insertion_unix": 1711544762
          },
          {
            "date_unix": 1659744000,
            "rna_normalized": 385,
            "date_of_insertion_unix": 1711544762
          },
          {
            "date_unix": 1660089600,
            "rna_normalized": 327,
            "date_of_insertion_unix": 1711544762
          },
          {
            "date_unix": 1660176000,
            "rna_normalized": 363,
            "date_of_insertion_unix": 1711544762
          },
          {
            "date_unix": 1660348800,
            "rna_normalized": 270,
            "date_of_insertion_unix": 1711544762
          },
          {
            "date_unix": 1660003200,
            "rna_normalized": 1688,
            "date_of_insertion_unix": 1711544762
          },
          {
            "date_unix": 1660608000,
            "rna_normalized": 207,
            "date_of_insertion_unix": 1711544762
          },
          {
            "date_unix": 1660694400,
            "rna_normalized": 536,
            "date_of_insertion_unix": 1711544762
          },
          {
            "date_unix": 1660780800,
            "rna_normalized": 497,
            "date_of_insertion_unix": 1711544762
          },
          {
            "date_unix": 1660953600,
            "rna_normalized": 328,
            "date_of_insertion_unix": 1711544762
          },
          {
            "date_unix": 1661212800,
            "rna_normalized": 260,
            "date_of_insertion_unix": 1711544762
          },
          {
            "date_unix": 1661299200,
            "rna_normalized": 524,
            "date_of_insertion_unix": 1711544762
          },
          {
            "date_unix": 1661385600,
            "rna_normalized": 232,
            "date_of_insertion_unix": 1711544762
          },
          {
            "date_unix": 1661558400,
            "rna_normalized": 186,
            "date_of_insertion_unix": 1711544762
          },
          {
            "date_unix": 1661990400,
            "rna_normalized": 659,
            "date_of_insertion_unix": 1711544762
          },
          {
            "date_unix": 1661904000,
            "rna_normalized": 354,
            "date_of_insertion_unix": 1711544762
          },
          {
            "date_unix": 1662163200,
            "rna_normalized": 329,
            "date_of_insertion_unix": 1711544762
          },
          {
            "date_unix": 1662422400,
            "rna_normalized": 582,
            "date_of_insertion_unix": 1711544762
          },
          {
            "date_unix": 1662508800,
            "rna_normalized": 385,
            "date_of_insertion_unix": 1711544762
          },
          {
            "date_unix": 1662768000,
            "rna_normalized": 895,
            "date_of_insertion_unix": 1711544762
          },
          {
            "date_unix": 1663027200,
            "rna_normalized": 361,
            "date_of_insertion_unix": 1711544762
          },
          {
            "date_unix": 1662595200,
            "rna_normalized": 753,
            "date_of_insertion_unix": 1711544762
          },
          {
            "date_unix": 1663113600,
            "rna_normalized": 390,
            "date_of_insertion_unix": 1711544762
          },
          {
            "date_unix": 1663200000,
            "rna_normalized": 619,
            "date_of_insertion_unix": 1711544762
          },
          {
            "date_unix": 1663372800,
            "rna_normalized": 1597,
            "date_of_insertion_unix": 1711544762
          },
          {
            "date_unix": 1663632000,
            "rna_normalized": 254,
            "date_of_insertion_unix": 1711544762
          },
          {
            "date_unix": 1663718400,
            "rna_normalized": 692,
            "date_of_insertion_unix": 1711544762
          },
          {
            "date_unix": 1663804800,
            "rna_normalized": 240,
            "date_of_insertion_unix": 1711544762
          },
          {
            "date_unix": 1663977600,
            "rna_normalized": 973,
            "date_of_insertion_unix": 1711544762
          },
          {
            "date_unix": 1664236800,
            "rna_normalized": 997,
            "date_of_insertion_unix": 1711544762
          },
          {
            "date_unix": 1664323200,
            "rna_normalized": 797,
            "date_of_insertion_unix": 1711544762
          },
          {
            "date_unix": 1664409600,
            "rna_normalized": 501,
            "date_of_insertion_unix": 1711544762
          },
          {
            "date_unix": 1664582400,
            "rna_normalized": 941,
            "date_of_insertion_unix": 1711544762
          },
          {
            "date_unix": 1664841600,
            "rna_normalized": 1124,
            "date_of_insertion_unix": 1711544762
          },
          {
            "date_unix": 1664928000,
            "rna_normalized": 976,
            "date_of_insertion_unix": 1711544762
          },
          {
            "date_unix": 1665014400,
            "rna_normalized": 1295,
            "date_of_insertion_unix": 1711544762
          },
          {
            "date_unix": 1665187200,
            "rna_normalized": 2378,
            "date_of_insertion_unix": 1711544762
          },
          {
            "date_unix": 1665532800,
            "rna_normalized": 1198,
            "date_of_insertion_unix": 1711544762
          },
          {
            "date_unix": 1665792000,
            "rna_normalized": 2232,
            "date_of_insertion_unix": 1711544762
          },
          {
            "date_unix": 1665878400,
            "rna_normalized": 1547,
            "date_of_insertion_unix": 1711544762
          },
          {
            "date_unix": 1666137600,
            "rna_normalized": 714,
            "date_of_insertion_unix": 1711544762
          },
          {
            "date_unix": 1666224000,
            "rna_normalized": 803,
            "date_of_insertion_unix": 1711544762
          },
          {
            "date_unix": 1666396800,
            "rna_normalized": 750,
            "date_of_insertion_unix": 1711544762
          },
          {
            "date_unix": 1666483200,
            "rna_normalized": 651,
            "date_of_insertion_unix": 1711544762
          },
          {
            "date_unix": 1666656000,
            "rna_normalized": 428,
            "date_of_insertion_unix": 1711544762
          },
          {
            "date_unix": 1666742400,
            "rna_normalized": 795,
            "date_of_insertion_unix": 1711544762
          },
          {
            "date_unix": 1667001600,
            "rna_normalized": 598,
            "date_of_insertion_unix": 1711544762
          },
          {
            "date_unix": 1667088000,
            "rna_normalized": 590,
            "date_of_insertion_unix": 1711544762
          },
          {
            "date_unix": 1667260800,
            "rna_normalized": 386,
            "date_of_insertion_unix": 1711544762
          },
          {
            "date_unix": 1667347200,
            "rna_normalized": 353,
            "date_of_insertion_unix": 1711544762
          },
          {
            "date_unix": 1667433600,
            "rna_normalized": 807,
            "date_of_insertion_unix": 1711544762
          },
          {
            "date_unix": 1667606400,
            "rna_normalized": 247,
            "date_of_insertion_unix": 1711544762
          },
          {
            "date_unix": 1667952000,
            "rna_normalized": 130,
            "date_of_insertion_unix": 1711544762
          },
          {
            "date_unix": 1668470400,
            "rna_normalized": 927,
            "date_of_insertion_unix": 1711544762
          },
          {
            "date_unix": 1668643200,
            "rna_normalized": 1585,
            "date_of_insertion_unix": 1711544762
          },
          {
            "date_unix": 1668556800,
            "rna_normalized": 680,
            "date_of_insertion_unix": 1711544762
          },
          {
            "date_unix": 1668816000,
            "rna_normalized": 777,
            "date_of_insertion_unix": 1711544762
          },
          {
            "date_unix": 1669075200,
            "rna_normalized": 393,
            "date_of_insertion_unix": 1711544762
          },
          {
            "date_unix": 1669161600,
            "rna_normalized": 381,
            "date_of_insertion_unix": 1711544762
          },
          {
            "date_unix": 1669248000,
            "rna_normalized": 480,
            "date_of_insertion_unix": 1711544762
          },
          {
            "date_unix": 1669420800,
            "rna_normalized": 413,
            "date_of_insertion_unix": 1711544762
          },
          {
            "date_unix": 1669680000,
            "rna_normalized": 341,
            "date_of_insertion_unix": 1711544762
          },
          {
            "date_unix": 1669766400,
            "rna_normalized": 810,
            "date_of_insertion_unix": 1711544762
          },
          {
            "date_unix": 1669852800,
            "rna_normalized": 878,
            "date_of_insertion_unix": 1711544762
          },
          {
            "date_unix": 1670025600,
            "rna_normalized": 518,
            "date_of_insertion_unix": 1711544762
          },
          {
            "date_unix": 1670284800,
            "rna_normalized": 1090,
            "date_of_insertion_unix": 1711544762
          },
          {
            "date_unix": 1670371200,
            "rna_normalized": 448,
            "date_of_insertion_unix": 1711544762
          },
          {
            "date_unix": 1670457600,
            "rna_normalized": 348,
            "date_of_insertion_unix": 1711544762
          },
          {
            "date_unix": 1670630400,
            "rna_normalized": 906,
            "date_of_insertion_unix": 1711544762
          },
          {
            "date_unix": 1670889600,
            "rna_normalized": 681,
            "date_of_insertion_unix": 1711544762
          },
          {
            "date_unix": 1670976000,
            "rna_normalized": 1763,
            "date_of_insertion_unix": 1711544762
          },
          {
            "date_unix": 1671062400,
            "rna_normalized": 969,
            "date_of_insertion_unix": 1711544762
          },
          {
            "date_unix": 1674691200,
            "rna_normalized": 192,
            "date_of_insertion_unix": 1711544762
          },
          {
            "date_unix": 1674864000,
            "rna_normalized": 128,
            "date_of_insertion_unix": 1711544762
          },
          {
            "date_unix": 1675814400,
            "rna_normalized": 695,
            "date_of_insertion_unix": 1711544762
          },
          {
            "date_unix": 1676073600,
            "rna_normalized": 812,
            "date_of_insertion_unix": 1711544762
          },
          {
            "date_unix": 1676160000,
            "rna_normalized": 575,
            "date_of_insertion_unix": 1711544762
          },
          {
            "date_unix": 1676419200,
            "rna_normalized": 500,
            "date_of_insertion_unix": 1711544762
          },
          {
            "date_unix": 1677542400,
            "rna_normalized": 775,
            "date_of_insertion_unix": 1711544762
          },
          {
            "date_unix": 1677628800,
            "rna_normalized": 704,
            "date_of_insertion_unix": 1711544762
          },
          {
            "date_unix": 1677888000,
            "rna_normalized": 1854,
            "date_of_insertion_unix": 1711544762
          },
          {
            "date_unix": 1678147200,
            "rna_normalized": 1021,
            "date_of_insertion_unix": 1711544762
          },
          {
            "date_unix": 1678233600,
            "rna_normalized": 1341,
            "date_of_insertion_unix": 1711544762
          },
          {
            "date_unix": 1674518400,
            "rna_normalized": 168,
            "date_of_insertion_unix": 1711544762
          },
          {
            "date_unix": 1678492800,
            "rna_normalized": 1240,
            "date_of_insertion_unix": 1711544762
          },
          {
            "date_unix": 1678752000,
            "rna_normalized": 311,
            "date_of_insertion_unix": 1711544762
          },
          {
            "date_unix": 1678838400,
            "rna_normalized": 1370,
            "date_of_insertion_unix": 1711544762
          },
          {
            "date_unix": 1680307200,
            "rna_normalized": 343,
            "date_of_insertion_unix": 1711544762
          },
          {
            "date_unix": 1680393600,
            "rna_normalized": 240,
            "date_of_insertion_unix": 1711544762
          },
          {
            "date_unix": 1680652800,
            "rna_normalized": 980,
            "date_of_insertion_unix": 1711544762
          },
          {
            "date_unix": 1680134400,
            "rna_normalized": 753,
            "date_of_insertion_unix": 1711544762
          },
          {
            "date_unix": 1680912000,
            "rna_normalized": 375,
            "date_of_insertion_unix": 1711544762
          },
          {
            "date_unix": 1681516800,
            "rna_normalized": 480,
            "date_of_insertion_unix": 1711544762
          },
          {
            "date_unix": 1681603200,
            "rna_normalized": 421,
            "date_of_insertion_unix": 1711544762
          },
          {
            "date_unix": 1681776000,
            "rna_normalized": 585,
            "date_of_insertion_unix": 1711544762
          },
          {
            "date_unix": 1680739200,
            "rna_normalized": 447,
            "date_of_insertion_unix": 1711544762
          },
          {
            "date_unix": 1681862400,
            "rna_normalized": 488,
            "date_of_insertion_unix": 1711544762
          },
          {
            "date_unix": 1681344000,
            "rna_normalized": 607,
            "date_of_insertion_unix": 1711544762
          },
          {
            "date_unix": 1682121600,
            "rna_normalized": 825,
            "date_of_insertion_unix": 1711544762
          },
          {
            "date_unix": 1682380800,
            "rna_normalized": 523,
            "date_of_insertion_unix": 1711544762
          },
          {
            "date_unix": 1682467200,
            "rna_normalized": 644,
            "date_of_insertion_unix": 1711544762
          },
          {
            "date_unix": 1682726400,
            "rna_normalized": 662,
            "date_of_insertion_unix": 1711544762
          },
          {
            "date_unix": 1674950400,
            "rna_normalized": 1021,
            "date_of_insertion_unix": 1711544762
          },
          {
            "date_unix": 1682985600,
            "rna_normalized": 810,
            "date_of_insertion_unix": 1711544762
          },
          {
            "date_unix": 1683072000,
            "rna_normalized": 1090,
            "date_of_insertion_unix": 1711544762
          },
          {
            "date_unix": 1678924800,
            "rna_normalized": 3728,
            "date_of_insertion_unix": 1711544762
          },
          {
            "date_unix": 1683331200,
            "rna_normalized": 1432,
            "date_of_insertion_unix": 1711544762
          },
          {
            "date_unix": 1683676800,
            "rna_normalized": 133,
            "date_of_insertion_unix": 1711544762
          },
          {
            "date_unix": 1684022400,
            "rna_normalized": 421,
            "date_of_insertion_unix": 1711544762
          },
          {
            "date_unix": 1683936000,
            "rna_normalized": 535,
            "date_of_insertion_unix": 1711544762
          },
          {
            "date_unix": 1684195200,
            "rna_normalized": 44,
            "date_of_insertion_unix": 1711544762
          },
          {
            "date_unix": 1684281600,
            "rna_normalized": 194,
            "date_of_insertion_unix": 1711544762
          },
          {
            "date_unix": 1684627200,
            "rna_normalized": 88,
            "date_of_insertion_unix": 1711544762
          },
          {
            "date_unix": 1684800000,
            "rna_normalized": 150,
            "date_of_insertion_unix": 1711544762
          },
          {
            "date_unix": 1684886400,
            "rna_normalized": 65,
            "date_of_insertion_unix": 1711544762
          },
          {
            "date_unix": 1685836800,
            "rna_normalized": 150,
            "date_of_insertion_unix": 1711544762
          },
          {
            "date_unix": 1685750400,
            "rna_normalized": 152,
            "date_of_insertion_unix": 1711544762
          },
          {
            "date_unix": 1686009600,
            "rna_normalized": 86,
            "date_of_insertion_unix": 1711544762
          },
          {
            "date_unix": 1686096000,
            "rna_normalized": 86,
            "date_of_insertion_unix": 1711544762
          },
          {
            "date_unix": 1686355200,
            "rna_normalized": 70,
            "date_of_insertion_unix": 1711544762
          },
          {
            "date_unix": 1686614400,
            "rna_normalized": 93,
            "date_of_insertion_unix": 1711544762
          },
          {
            "date_unix": 1686700800,
            "rna_normalized": 62,
            "date_of_insertion_unix": 1711544762
          },
          {
            "date_unix": 1687305600,
            "rna_normalized": 49,
            "date_of_insertion_unix": 1711544762
          },
          {
            "date_unix": 1686787200,
            "rna_normalized": 59,
            "date_of_insertion_unix": 1711544762
          },
          {
            "date_unix": 1687564800,
            "rna_normalized": 71,
            "date_of_insertion_unix": 1711544762
          },
          {
            "date_unix": 1687651200,
            "rna_normalized": 12,
            "date_of_insertion_unix": 1711544762
          },
          {
            "date_unix": 1687824000,
            "rna_normalized": 2,
            "date_of_insertion_unix": 1711544762
          },
          {
            "date_unix": 1687910400,
            "rna_normalized": 49,
            "date_of_insertion_unix": 1711544762
          },
          {
            "date_unix": 1688169600,
            "rna_normalized": 203,
            "date_of_insertion_unix": 1711544762
          },
          {
            "date_unix": 1688428800,
            "rna_normalized": 6,
            "date_of_insertion_unix": 1711544762
          },
          {
            "date_unix": 1688515200,
            "rna_normalized": 35,
            "date_of_insertion_unix": 1711544762
          },
          {
            "date_unix": 1688860800,
            "rna_normalized": 61,
            "date_of_insertion_unix": 1711544762
          },
          {
            "date_unix": 1689120000,
            "rna_normalized": 103,
            "date_of_insertion_unix": 1711544762
          },
          {
            "date_unix": 1689379200,
            "rna_normalized": 50,
            "date_of_insertion_unix": 1711544762
          },
          {
            "date_unix": 1689638400,
            "rna_normalized": 69,
            "date_of_insertion_unix": 1711544762
          },
          {
            "date_unix": 1689984000,
            "rna_normalized": 93,
            "date_of_insertion_unix": 1711544762
          },
          {
            "date_unix": 1689033600,
            "rna_normalized": 255,
            "date_of_insertion_unix": 1711544762
          },
          {
            "date_unix": 1690243200,
            "rna_normalized": 91,
            "date_of_insertion_unix": 1711544762
          },
          {
            "date_unix": 1690588800,
            "rna_normalized": 45,
            "date_of_insertion_unix": 1711544762
          },
          {
            "date_unix": 1691193600,
            "rna_normalized": 128,
            "date_of_insertion_unix": 1711544762
          },
          {
            "date_unix": 1691452800,
            "rna_normalized": 259,
            "date_of_insertion_unix": 1711544762
          },
          {
            "date_unix": 1692057600,
            "rna_normalized": 137,
            "date_of_insertion_unix": 1711544762
          },
          {
            "date_unix": 1690848000,
            "rna_normalized": 103,
            "date_of_insertion_unix": 1711544762
          },
          {
            "date_unix": 1692403200,
            "rna_normalized": 358,
            "date_of_insertion_unix": 1711544762
          },
          {
            "date_unix": 1692662400,
            "rna_normalized": 376,
            "date_of_insertion_unix": 1711544762
          },
          {
            "date_unix": 1691539200,
            "rna_normalized": 184,
            "date_of_insertion_unix": 1711544762
          },
          {
            "date_unix": 1693094400,
            "rna_normalized": 654,
            "date_of_insertion_unix": 1711544762
          },
          {
            "date_unix": 1693267200,
            "rna_normalized": 711,
            "date_of_insertion_unix": 1711544762
          },
          {
            "date_unix": 1693699200,
            "rna_normalized": 488,
            "date_of_insertion_unix": 1711544762
          },
          {
            "date_unix": 1693872000,
            "rna_normalized": 684,
            "date_of_insertion_unix": 1711544762
          },
          {
            "date_unix": 1694304000,
            "rna_normalized": 185,
            "date_of_insertion_unix": 1711544762
          },
          {
            "date_unix": 1694476800,
            "rna_normalized": 684,
            "date_of_insertion_unix": 1711544762
          },
          {
            "date_unix": 1694908800,
            "rna_normalized": 1587,
            "date_of_insertion_unix": 1711544762
          },
          {
            "date_unix": 1695427200,
            "rna_normalized": 1734,
            "date_of_insertion_unix": 1711544762
          },
          {
            "date_unix": 1695513600,
            "rna_normalized": 540,
            "date_of_insertion_unix": 1711544762
          },
          {
            "date_unix": 1695686400,
            "rna_normalized": 724,
            "date_of_insertion_unix": 1711544762
          },
          {
            "date_unix": 1695772800,
            "rna_normalized": 1118,
            "date_of_insertion_unix": 1711544762
          },
          {
            "date_unix": 1696636800,
            "rna_normalized": 543,
            "date_of_insertion_unix": 1711544762
          },
          {
            "date_unix": 1697328000,
            "rna_normalized": 350,
            "date_of_insertion_unix": 1711544762
          },
          {
            "date_unix": 1696464000,
            "rna_normalized": 477,
            "date_of_insertion_unix": 1711544762
          },
          {
            "date_unix": 1697846400,
            "rna_normalized": 712,
            "date_of_insertion_unix": 1711544762
          },
          {
            "date_unix": 1697932800,
            "rna_normalized": 702,
            "date_of_insertion_unix": 1711544762
          },
          {
            "date_unix": 1698105600,
            "rna_normalized": 1207,
            "date_of_insertion_unix": 1711544762
          },
          {
            "date_unix": 1698537600,
            "rna_normalized": 2721,
            "date_of_insertion_unix": 1711544762
          },
          {
            "date_unix": 1698710400,
            "rna_normalized": 731,
            "date_of_insertion_unix": 1711544762
          },
          {
            "date_unix": 1699142400,
            "rna_normalized": 1008,
            "date_of_insertion_unix": 1711544762
          },
          {
            "date_unix": 1699315200,
            "rna_normalized": 706,
            "date_of_insertion_unix": 1711544762
          },
          {
            "date_unix": 1699747200,
            "rna_normalized": 1226,
            "date_of_insertion_unix": 1711544762
          },
          {
            "date_unix": 1699920000,
            "rna_normalized": 625,
            "date_of_insertion_unix": 1711544762
          },
          {
            "date_unix": 1700352000,
            "rna_normalized": 1700,
            "date_of_insertion_unix": 1711544762
          },
          {
            "date_unix": 1700524800,
            "rna_normalized": 2171,
            "date_of_insertion_unix": 1711544762
          },
          {
            "date_unix": 1700956800,
            "rna_normalized": 2801,
            "date_of_insertion_unix": 1711544762
          },
          {
            "date_unix": 1701216000,
            "rna_normalized": 2422,
            "date_of_insertion_unix": 1711544762
          },
          {
            "date_unix": 1701561600,
            "rna_normalized": 3720,
            "date_of_insertion_unix": 1711544762
          },
          {
            "date_unix": 1701734400,
            "rna_normalized": 4217,
            "date_of_insertion_unix": 1711544762
          },
          {
            "date_unix": 1702166400,
            "rna_normalized": 3922,
            "date_of_insertion_unix": 1711544762
          },
          {
            "date_unix": 1702425600,
            "rna_normalized": 2945,
            "date_of_insertion_unix": 1711544762
          },
          {
            "date_unix": 1702771200,
            "rna_normalized": 6712,
            "date_of_insertion_unix": 1711544762
          },
          {
            "date_unix": 1702944000,
            "rna_normalized": 9033,
            "date_of_insertion_unix": 1711544762
          },
          {
            "date_unix": 1703548800,
            "rna_normalized": 3179,
            "date_of_insertion_unix": 1711544762
          },
          {
            "date_unix": 1703030400,
            "rna_normalized": 4232,
            "date_of_insertion_unix": 1711544762
          },
          {
            "date_unix": 1704240000,
            "rna_normalized": 2144,
            "date_of_insertion_unix": 1711544762
          },
          {
            "date_unix": 1703721600,
            "rna_normalized": 4285,
            "date_of_insertion_unix": 1711544762
          },
          {
            "date_unix": 1704585600,
            "rna_normalized": 1245,
            "date_of_insertion_unix": 1711544762
          },
          {
            "date_unix": 1704758400,
            "rna_normalized": 909,
            "date_of_insertion_unix": 1711544762
          },
          {
            "date_unix": 1705276800,
            "rna_normalized": 857,
            "date_of_insertion_unix": 1711544762
          },
          {
            "date_unix": 1705536000,
            "rna_normalized": 909,
            "date_of_insertion_unix": 1711544762
          },
          {
            "date_unix": 1706140800,
            "rna_normalized": 1207,
            "date_of_insertion_unix": 1711544762
          },
          {
            "date_unix": 1706400000,
            "rna_normalized": 625,
            "date_of_insertion_unix": 1711544762
          },
          {
            "date_unix": 1706659200,
            "rna_normalized": 378,
            "date_of_insertion_unix": 1711544762
          },
          {
            "date_unix": 1707177600,
            "rna_normalized": 709,
            "date_of_insertion_unix": 1711544762
          },
          {
            "date_unix": 1707696000,
            "rna_normalized": 407,
            "date_of_insertion_unix": 1711544762
          },
          {
            "date_unix": 1708214400,
            "rna_normalized": 47,
            "date_of_insertion_unix": 1711544762
          },
          {
            "date_unix": 1708560000,
            "rna_normalized": 67,
            "date_of_insertion_unix": 1711544762
          },
          {
            "date_unix": 1707350400,
            "rna_normalized": 589,
            "date_of_insertion_unix": 1711544762
          },
          {
            "date_unix": 1710633600,
            "rna_normalized": 113,
            "date_of_insertion_unix": 1711544762
          },
          {
            "date_unix": 1710979200,
            "rna_normalized": 15,
            "date_of_insertion_unix": 1711544762
          }
        ],
        "last_value": {
          "date_unix": 1710979200,
          "rna_normalized": 15,
          "date_of_insertion_unix": 1711544762
        }
      }
    ]
  },
  "static_values": {
    "population_count": 92240,
    "population_count_connected_to_rwzis": 92231
  }
}